Age,Conference,Date,Draft Year,Height,Player,Position,Season short,Seasons in league,Team,Weight,Real_value
29,All,1985-04-14,1978,196.0,Micheal Ray Richardson,PG,1985,6,New Jersey Nets,86.0,1.0
23,All,1985-04-07,1982,198.0,Derek Smith,SG,1985,2,Los Angeles Clippers,93.0,1.0
28,All,1985-04-01,1979,198.0,Calvin Natt,F,1985,5,Denver Nuggets,100.0,1.0
37,All,1985-03-24,1969,218.0,Kareem Abdul-Jabbar,C,1985,15,Los Angeles Lakers,102.0,1.0
28,All,1985-03-17,1978,206.0,Larry Bird,SF,1985,5,Boston Celtics,100.0,1.0
26,All,1985-03-10,1980,193.0,Darrell Griffith,SG,1985,4,Utah Jazz,86.0,1.0
24,All,1985-03-03,1982,190.0,Sleepy Floyd,PG,1985,2,Golden State Warriors,77.0,1.0
25,All,1985-02-24,1981,198.0,Mark Aguirre,SF,1985,3,Dallas Mavericks,105.0,1.0
25,All,1985-02-17,1979,206.0,Magic Johnson,PG,1985,5,Los Angeles Lakers,116.0,1.0
25,All,1985-02-03,1982,201.0,Dominique Wilkins,SF,1985,2,Atlanta Hawks,91.0,1.0
32,All,1985-01-27,1974,211.0,Tom McMillen,PF,1985,9,Washington Bullets,98.0,1.0
22,All,1985-01-20,1984,198.0,Michael Jordan,SG,1985,0,Chicago Bulls,98.0,1.0
31,All,1985-01-13,1975,188.0,World B. Free,G,1985,9,Cleveland Cavaliers,84.0,1.0
23,All,1985-01-06,1981,185.0,Isiah Thomas,PG,1985,3,Detroit Pistons,82.0,1.0
29,All,1984-12-30,1978,196.0,Micheal Ray Richardson,PG,1985,6,New Jersey Nets,86.0,1.0
23,All,1984-12-23,1982,206.0,Terry Cummings,PF,1985,2,Milwaukee Bucks,100.0,1.0
23,All,1984-12-16,1982,198.0,Derek Smith,SG,1985,2,Los Angeles Clippers,93.0,1.0
25,All,1984-12-09,1981,206.0,Orlando Woolridge,PF,1985,3,Chicago Bulls,98.0,1.0
29,All,1984-12-02,1977,211.0,Jack Sikma,C,1985,7,Seattle SuperSonics,104.0,1.0
28,All,1984-11-25,1977,201.0,Bernard King,SF,1985,7,New York Knicks,93.0,1.0
29,All,1984-11-18,1976,208.0,Moses Malone,C,1985,8,Philadelphia Sixers,98.0,1.0
31,All,1984-11-11,1976,201.0,Alex English,SF,1985,8,Denver Nuggets,86.0,1.0
26,All,1984-11-04,1981,208.0,Larry Nance,PF,1985,3,Phoenix Suns,93.0,1.0
26,All,1986-04-13,1982,201.0,Dominique Wilkins,SF,1986,3,Atlanta Hawks,91.0,1.0
28,All,1986-04-06,1981,208.0,Herb Williams,C,1986,4,Indiana Pacers,110.0,1.0
23,All,1986-03-30,1984,198.0,Charles Barkley,PF,1986,1,Philadelphia Sixers,114.0,1.0
30,All,1986-03-23,1976,196.0,Adrian Dantley,SF,1986,9,Utah Jazz,94.0,1.0
29,All,1986-03-16,1978,206.0,Larry Bird,SF,1986,6,Boston Celtics,100.0,1.0
26,All,1986-03-09,1979,206.0,Magic Johnson,PG,1986,6,Los Angeles Lakers,116.0,1.0
23,All,1986-03-02,1984,198.0,Charles Barkley,PF,1986,1,Philadelphia Sixers,114.0,1.0
28,All,1986-02-23,1979,190.0,Sidney Moncrief,SG,1986,6,Milwaukee Bucks,82.0,1.0
29,All,1986-02-16,1978,206.0,Larry Bird,SF,1986,6,Boston Celtics,100.0,1.0
32,All,1986-02-02,1976,201.0,Alex English,SF,1986,9,Denver Nuggets,86.0,1.0
23,All,1986-01-26,1984,198.0,Charles Barkley,PF,1986,1,Philadelphia Sixers,114.0,1.0
29,All,1986-01-19,1978,206.0,Larry Bird,SF,1986,6,Boston Celtics,100.0,1.0
29,All,1986-01-12,1979,198.0,Calvin Natt,F,1986,6,Denver Nuggets,100.0,1.0
23,All,1986-01-05,1983,201.0,Clyde Drexler,SG,1986,2,Portland Trail Blazers,95.0,1.0
26,All,1985-12-29,1982,201.0,Dominique Wilkins,SF,1986,3,Atlanta Hawks,91.0,1.0
27,All,1985-12-22,1981,208.0,Larry Nance,PF,1986,4,Phoenix Suns,93.0,1.0
23,All,1985-12-15,1984,190.0,Alvin Robertson,SG,1986,1,San Antonio Spurs,84.0,1.0
27,All,1985-12-08,1980,208.0,Jeff Ruland,C,1986,4,Washington Bullets,109.0,1.0
29,All,1985-12-01,1978,206.0,Larry Bird,SF,1986,6,Boston Celtics,100.0,1.0
32,All,1985-11-24,1976,201.0,Alex English,SF,1986,9,Denver Nuggets,86.0,1.0
23,All,1985-11-17,1985,213.0,Patrick Ewing,C,1986,0,New York Knicks,109.0,1.0
25,All,1985-11-10,1981,203.0,Buck Williams,PF,1986,4,New Jersey Nets,98.0,1.0
24,All,1985-11-03,1982,198.0,Derek Smith,SG,1986,3,Los Angeles Clippers,93.0,1.0
37,All,1987-04-19,1972,198.0,Julius Erving,SF,1987,14,Philadelphia Sixers,91.0,1.0
24,All,1987-04-12,1984,198.0,Michael Jordan,SG,1987,2,Chicago Bulls,98.0,1.0
27,All,1987-04-05,1979,206.0,Magic Johnson,PG,1987,7,Los Angeles Lakers,116.0,1.0
29,All,1987-03-29,1980,203.0,Larry Smith,PF,1987,6,Golden State Warriors,98.0,1.0
27,All,1987-03-22,1979,206.0,Magic Johnson,PG,1987,7,Los Angeles Lakers,116.0,1.0
23,All,1987-03-15,1985,206.0,Karl Malone,PF,1987,1,Utah Jazz,120.0,1.0
27,All,1987-03-08,1979,206.0,Magic Johnson,PG,1987,7,Los Angeles Lakers,116.0,1.0
24,All,1987-03-01,1984,198.0,Michael Jordan,SG,1987,2,Chicago Bulls,98.0,1.0
31,All,1987-02-22,1976,208.0,Moses Malone,C,1987,10,Washington Bullets,98.0,1.0
27,All,1987-02-15,1979,206.0,Magic Johnson,PG,1987,7,Los Angeles Lakers,116.0,1.0
26,All,1987-02-01,1982,190.0,Fat Lever,PG,1987,4,Denver Nuggets,77.0,1.0
33,All,1987-01-25,1976,201.0,Alex English,SF,1987,10,Denver Nuggets,86.0,1.0
24,All,1987-01-18,1984,206.0,Otis Thorpe,PF,1987,2,Sacramento Kings,102.0,1.0
25,All,1987-01-11,1981,185.0,Isiah Thomas,PG,1987,5,Detroit Pistons,82.0,1.0
30,All,1987-01-04,1978,206.0,Larry Bird,SF,1987,7,Boston Celtics,100.0,1.0
24,All,1986-12-28,1985,213.0,Patrick Ewing,C,1987,1,New York Knicks,109.0,1.0
27,All,1986-12-21,1979,206.0,Magic Johnson,PG,1987,7,Los Angeles Lakers,116.0,1.0
27,All,1986-12-14,1982,201.0,Dominique Wilkins,SF,1987,4,Atlanta Hawks,91.0,1.0
27,All,1986-12-07,1981,208.0,Tom Chambers,PF,1987,5,Seattle SuperSonics,100.0,1.0
24,All,1986-11-30,1985,211.0,Hot Rod Williams,FC,1987,0,Cleveland Cavaliers,98.0,1.0
24,All,1986-11-23,1984,190.0,Alvin Robertson,SG,1987,2,San Antonio Spurs,84.0,1.0
33,All,1986-11-16,1976,213.0,Robert Parish,C,1987,9,Boston Celtics,104.0,1.0
24,All,1986-11-09,1984,198.0,Michael Jordan,SG,1987,2,Chicago Bulls,98.0,1.0
24,All,1988-04-24,1985,206.0,Karl Malone,PF,1988,2,Utah Jazz,120.0,1.0
27,All,1988-04-17,1982,190.0,Fat Lever,PG,1988,5,Denver Nuggets,77.0,1.0
24,All,1988-04-10,1986,201.0,Harold Pressley,GF,1988,1,Sacramento Kings,95.0,1.0
25,All,1988-04-03,1984,198.0,Michael Jordan,SG,1988,3,Chicago Bulls,98.0,1.0
25,All,1988-03-27,1984,198.0,Michael Jordan,SG,1988,3,Chicago Bulls,98.0,1.0
25,All,1988-03-20,1984,198.0,Charles Barkley,PF,1988,3,Philadelphia Sixers,114.0,1.0
25,All,1988-03-13,1983,201.0,Clyde Drexler,SG,1988,4,Portland Trail Blazers,95.0,1.0
27,All,1988-03-06,1983,198.0,Bobby Hansen,SG,1988,4,Utah Jazz,86.0,1.0
23,All,1988-02-28,1986,211.0,Roy Tarpley,PF,1988,1,Dallas Mavericks,104.0,1.0
25,All,1988-02-21,1984,185.0,John Stockton,PG,1988,3,Utah Jazz,77.0,1.0
28,All,1988-02-14,1982,201.0,Dominique Wilkins,SF,1988,5,Atlanta Hawks,91.0,1.0
31,All,1988-01-31,1977,201.0,Bernard King,SF,1988,10,Washington Bullets,93.0,1.0
25,All,1988-01-24,1984,198.0,Michael Jordan,SG,1988,3,Chicago Bulls,98.0,1.0
28,All,1988-01-17,1982,201.0,Dominique Wilkins,SF,1988,5,Atlanta Hawks,91.0,1.0
26,All,1988-01-10,1983,190.0,Byron Scott,SG,1988,4,Los Angeles Lakers,88.0,1.0
24,All,1988-01-03,1985,206.0,Karl Malone,PF,1988,2,Utah Jazz,120.0,1.0
28,All,1987-12-27,1982,201.0,Dominique Wilkins,SF,1988,5,Atlanta Hawks,91.0,1.0
29,All,1987-12-20,1981,208.0,Larry Nance,PF,1988,6,Phoenix Suns,93.0,1.0
28,All,1987-12-13,1979,206.0,Magic Johnson,PG,1988,8,Los Angeles Lakers,116.0,1.0
25,All,1987-12-06,1983,201.0,Clyde Drexler,SG,1988,4,Portland Trail Blazers,95.0,1.0
25,All,1987-11-29,1983,201.0,Clyde Drexler,SG,1988,4,Portland Trail Blazers,95.0,1.0
24,All,1987-11-22,1985,201.0,Xavier McDaniel,PF,1988,2,Seattle SuperSonics,93.0,1.0
31,All,1987-11-15,1978,206.0,Larry Bird,SF,1988,8,Boston Celtics,100.0,1.0
25,All,1989-04-23,1985,201.0,Xavier McDaniel,PF,1989,3,Seattle SuperSonics,93.0,1.0
25,All,1989-04-16,1985,206.0,Karl Malone,PF,1989,3,Utah Jazz,120.0,1.0
26,All,1989-04-09,1983,201.0,Clyde Drexler,SG,1989,5,Portland Trail Blazers,95.0,1.0
26,All,1989-04-02,1984,198.0,Michael Jordan,SG,1989,4,Chicago Bulls,98.0,1.0
26,All,1989-03-26,1984,198.0,Michael Jordan,SG,1989,4,Chicago Bulls,98.0,1.0
22,All,1989-03-19,1987,185.0,Kevin Johnson,PG,1989,1,Phoenix Suns,82.0,1.0
27,All,1989-03-12,1981,185.0,Isiah Thomas,PG,1989,7,Detroit Pistons,82.0,1.0
24,All,1989-03-05,1986,203.0,Chuck Person,SF,1989,2,Indiana Pacers,100.0,1.0
26,All,1989-02-26,1985,213.0,Patrick Ewing,C,1989,3,New York Knicks,109.0,1.0
26,All,1989-02-19,1984,213.0,Hakeem Olajuwon,C,1989,4,Houston Rockets,116.0,1.0
25,All,1989-02-05,1986,198.0,Ron Harper,SG,1989,2,Cleveland Cavaliers,84.0,1.0
29,All,1989-01-29,1981,208.0,Tom Chambers,PF,1989,7,Phoenix Suns,100.0,1.0
25,All,1989-01-22,1985,201.0,Chris Mullin,SF,1989,3,Golden State Warriors,98.0,1.0
26,All,1989-01-15,1984,198.0,Michael Jordan,SG,1989,4,Chicago Bulls,98.0,1.0
28,All,1989-01-08,1983,201.0,Dale Ellis,GF,1989,5,Seattle SuperSonics,93.0,1.0
29,All,1989-01-01,1979,206.0,Magic Johnson,PG,1989,9,Los Angeles Lakers,116.0,1.0
26,All,1988-12-25,1983,201.0,Clyde Drexler,SG,1989,5,Portland Trail Blazers,95.0,1.0
35,All,1988-12-18,1976,213.0,Robert Parish,C,1989,11,Boston Celtics,104.0,1.0
26,All,1988-12-11,1985,178.0,Michael Adams,PG,1989,3,Denver Nuggets,74.0,1.0
29,All,1988-12-04,1979,206.0,Magic Johnson,PG,1989,9,Los Angeles Lakers,116.0,1.0
26,All,1988-11-27,1985,213.0,Patrick Ewing,C,1989,3,New York Knicks,109.0,1.0
26,All,1988-11-20,1984,198.0,Michael Jordan,SG,1989,4,Chicago Bulls,98.0,1.0
26,All,1988-11-13,1984,213.0,Hakeem Olajuwon,C,1989,4,Houston Rockets,116.0,1.0
24,All,1990-04-22,1987,216.0,David Robinson,C,1990,0,San Antonio Spurs,113.0,1.0
30,All,1990-04-15,1979,206.0,Magic Johnson,PG,1990,10,Los Angeles Lakers,116.0,1.0
27,All,1990-04-08,1984,198.0,Charles Barkley,PF,1990,5,Philadelphia Sixers,114.0,1.0
27,All,1990-04-01,1984,198.0,Michael Jordan,SG,1990,5,Chicago Bulls,98.0,1.0
24,All,1990-03-25,1987,216.0,David Robinson,C,1990,0,San Antonio Spurs,113.0,1.0
23,All,1990-03-18,1987,185.0,Kevin Johnson,PG,1990,2,Phoenix Suns,82.0,1.0
24,All,1990-03-11,1988,211.0,Rony Seikaly,C,1990,1,Miami Heat,104.0,1.0
27,All,1990-03-04,1984,213.0,Hakeem Olajuwon,C,1990,5,Houston Rockets,116.0,1.0
24,All,1990-02-25,1987,216.0,David Robinson,C,1990,0,San Antonio Spurs,113.0,1.0
30,All,1990-02-18,1981,208.0,Tom Chambers,PF,1990,8,Phoenix Suns,100.0,1.0
23,All,1990-02-04,1989,183.0,Tim Hardaway,PG,1990,0,Golden State Warriors,79.0,1.0
26,All,1990-01-28,1985,206.0,Karl Malone,PF,1990,4,Utah Jazz,120.0,1.0
27,All,1990-01-21,1984,190.0,Alvin Robertson,SG,1990,5,Milwaukee Bucks,84.0,1.0
26,All,1990-01-14,1986,198.0,Ron Harper,SG,1990,3,Los Angeles Clippers,84.0,1.0
29,All,1990-01-07,1982,196.0,Terry Teagle,SG,1990,7,Golden State Warriors,88.0,1.0
26,All,1989-12-30,1985,206.0,Karl Malone,PF,1990,4,Utah Jazz,120.0,1.0
28,All,1989-12-24,1982,206.0,Terry Cummings,PF,1990,7,San Antonio Spurs,100.0,1.0
26,All,1989-12-17,1985,201.0,Chris Mullin,SF,1990,4,Golden State Warriors,98.0,1.0
27,All,1989-12-10,1984,198.0,Michael Jordan,SG,1990,5,Chicago Bulls,98.0,1.0
27,All,1989-12-03,1985,213.0,Patrick Ewing,C,1990,4,New York Knicks,109.0,1.0
27,All,1989-11-26,1983,201.0,Clyde Drexler,SG,1990,6,Portland Trail Blazers,95.0,1.0
27,All,1989-11-19,1984,185.0,John Stockton,PG,1990,5,Utah Jazz,77.0,1.0
28,All,1989-11-12,1984,196.0,Vern Fleming,G,1990,5,Indiana Pacers,84.0,1.0
26,All,1991-04-21,1986,185.0,Scott Skiles,PG,1991,4,Orlando Magic,82.0,1.0
28,All,1991-04-14,1983,201.0,Clyde Drexler,SG,1991,7,Portland Trail Blazers,95.0,1.0
31,All,1991-04-07,1979,206.0,Magic Johnson,PG,1991,11,Los Angeles Lakers,116.0,1.0
28,All,1991-03-31,1983,201.0,Clyde Drexler,SG,1991,7,Portland Trail Blazers,95.0,1.0
25,All,1991-03-24,1988,196.0,Mitch Richmond,SG,1991,2,Golden State Warriors,98.0,1.0
25,All,1991-03-17,1987,190.0,Kenny Smith,PG,1991,3,Houston Rockets,77.0,1.0
22,All,1991-03-10,1990,203.0,Dennis Scott,SF,1991,0,Orlando Magic,104.0,1.0
27,All,1991-03-03,1985,198.0,Gerald Wilkins,SG,1991,5,New York Knicks,84.0,1.0
25,All,1991-02-24,1987,201.0,Reggie Miller,SG,1991,3,Indiana Pacers,84.0,1.0
22,All,1991-02-17,1990,201.0,Lionel Simmons,SF,1991,0,Sacramento Kings,95.0,1.0
28,All,1991-02-03,1984,206.0,Otis Thorpe,PF,1991,6,Houston Rockets,102.0,1.0
28,All,1991-01-27,1985,178.0,Michael Adams,PG,1991,5,Denver Nuggets,74.0,1.0
24,All,1991-01-20,1989,183.0,Tim Hardaway,PG,1991,1,Golden State Warriors,79.0,1.0
34,All,1991-01-13,1977,201.0,Bernard King,SF,1991,13,Washington Bullets,93.0,1.0
31,All,1991-01-06,1982,201.0,Dominique Wilkins,SF,1991,8,Atlanta Hawks,91.0,1.0
31,All,1990-12-30,1982,193.0,Ricky Pierce,SG,1991,8,Milwaukee Bucks,93.0,1.0
28,All,1990-12-23,1984,198.0,Michael Jordan,SG,1991,6,Chicago Bulls,98.0,1.0
24,All,1990-12-16,1987,185.0,Kevin Johnson,PG,1991,3,Phoenix Suns,82.0,1.0
28,All,1990-12-09,1984,185.0,John Stockton,PG,1991,6,Utah Jazz,77.0,1.0
28,All,1990-12-02,1984,198.0,Michael Jordan,SG,1991,6,Chicago Bulls,98.0,1.0
28,All,1990-11-25,1984,198.0,Charles Barkley,PF,1991,6,Philadelphia Sixers,114.0,1.0
28,All,1990-11-18,1983,201.0,Clyde Drexler,SG,1991,7,Portland Trail Blazers,95.0,1.0
27,All,1990-11-11,1985,201.0,Chris Mullin,SF,1991,5,Golden State Warriors,98.0,1.0
28,All,1992-04-19,1985,206.0,Karl Malone,PF,1992,6,Utah Jazz,120.0,1.0
26,All,1992-04-12,1987,201.0,Reggie Lewis,SF,1992,4,Boston Celtics,88.0,1.0
24,All,1992-04-05,1989,185.0,Mookie Blaylock,PG,1992,2,New Jersey Nets,86.0,1.0
26,All,1992-03-29,1987,185.0,Mark Jackson,PG,1992,4,New York Knicks,82.0,1.0
22,All,1992-03-22,1991,198.0,Larry Johnson,F,1992,0,Charlotte Hornets,113.0,1.0
28,All,1992-03-15,1985,190.0,Joe Dumars,SG,1992,6,Detroit Pistons,86.0,1.0
28,All,1992-03-08,1985,206.0,Karl Malone,PF,1992,6,Utah Jazz,120.0,1.0
25,All,1992-03-01,1988,208.0,Danny Manning,F,1992,3,Los Angeles Clippers,104.0,1.0
25,All,1992-02-23,1989,183.0,Tim Hardaway,PG,1992,2,Golden State Warriors,79.0,1.0
29,All,1992-02-16,1984,185.0,John Stockton,PG,1992,7,Utah Jazz,77.0,1.0
33,All,1992-02-02,1981,208.0,Larry Nance,PF,1992,10,Cleveland Cavaliers,93.0,1.0
24,All,1992-01-26,1989,198.0,Nick Anderson,GF,1992,2,Orlando Magic,103.0,1.0
25,All,1992-01-19,1989,183.0,Tim Hardaway,PG,1992,2,Golden State Warriors,79.0,1.0
29,All,1992-01-12,1984,198.0,Michael Jordan,SG,1992,7,Chicago Bulls,98.0,1.0
29,All,1992-01-05,1985,213.0,Patrick Ewing,C,1992,6,New York Knicks,109.0,1.0
26,All,1991-12-29,1987,203.0,Scottie Pippen,SF,1992,4,Chicago Bulls,103.0,1.0
24,All,1991-12-22,1989,206.0,Pervis Ellison,C,1992,2,Washington Bullets,95.0,1.0
30,All,1991-12-15,1986,201.0,Dennis Rodman,PF,1992,5,Detroit Pistons,95.0,1.0
30,All,1991-12-08,1983,193.0,Jeff Malone,SG,1992,8,Utah Jazz,93.0,1.0
26,All,1991-12-01,1987,216.0,David Robinson,C,1992,2,San Antonio Spurs,113.0,1.0
29,All,1991-11-24,1984,213.0,Kevin Willis,C,1992,7,Atlanta Hawks,111.0,1.0
26,All,1991-11-17,1986,213.0,Brad Daugherty,C,1992,5,Cleveland Cavaliers,111.0,1.0
28,All,1991-11-10,1985,201.0,Chris Mullin,SF,1992,6,Golden State Warriors,98.0,1.0
23,All,1993-04-25,1991,198.0,Larry Johnson,F,1993,1,Charlotte Hornets,113.0,1.0
23,All,1993-04-18,1992,208.0,Alonzo Mourning,C,1993,0,Charlotte Hornets,109.0,1.0
30,All,1993-04-11,1984,213.0,Hakeem Olajuwon,C,1993,8,Houston Rockets,116.0,1.0
30,All,1993-04-04,1984,198.0,Charles Barkley,PF,1993,8,Phoenix Suns,114.0,1.0
26,All,1993-03-28,1991,218.0,Dikembe Mutombo,C,1993,1,Denver Nuggets,118.0,1.0
30,All,1993-03-21,1985,213.0,Patrick Ewing,C,1993,7,New York Knicks,109.0,1.0
26,All,1993-03-14,1990,188.0,Rumeal Robinson,PG,1993,2,New Jersey Nets,88.0,1.0
27,All,1993-03-07,1988,211.0,Rony Seikaly,C,1993,4,Miami Heat,104.0,1.0
30,All,1993-02-28,1984,213.0,Hakeem Olajuwon,C,1993,8,Houston Rockets,116.0,1.0
23,All,1993-02-14,1991,198.0,Larry Johnson,F,1993,1,Charlotte Hornets,113.0,1.0
25,All,1993-02-07,1989,198.0,Nick Anderson,GF,1993,3,Orlando Magic,103.0,1.0
29,All,1993-01-31,1985,206.0,Karl Malone,PF,1993,7,Utah Jazz,120.0,1.0
30,All,1993-01-24,1985,213.0,Patrick Ewing,C,1993,7,New York Knicks,109.0,1.0
30,All,1993-01-17,1984,213.0,Hakeem Olajuwon,C,1993,8,Houston Rockets,116.0,1.0
23,All,1993-01-10,1989,208.0,Shawn Kemp,C,1993,3,Seattle SuperSonics,127.0,1.0
27,All,1993-01-03,1987,216.0,David Robinson,C,1993,3,San Antonio Spurs,113.0,1.0
25,All,1992-12-27,1989,203.0,Sean Elliott,SF,1993,3,San Antonio Spurs,93.0,1.0
30,All,1992-12-20,1985,213.0,Patrick Ewing,C,1993,7,New York Knicks,109.0,1.0
30,All,1992-12-13,1984,198.0,Charles Barkley,PF,1993,8,Phoenix Suns,114.0,1.0
28,All,1992-12-06,1986,196.0,Drazen Petrovic,SG,1993,3,New Jersey Nets,91.0,1.0
27,All,1992-11-29,1987,216.0,David Robinson,C,1993,3,San Antonio Spurs,113.0,1.0
30,All,1992-11-22,1984,198.0,Michael Jordan,SG,1993,8,Chicago Bulls,98.0,1.0
20,All,1992-11-15,1992,216.0,Shaquille O'Neal,C,1993,0,Orlando Magic,147.0,1.0
28,All,1994-04-24,1987,216.0,David Robinson,C,1994,4,San Antonio Spurs,113.0,1.0
28,All,1994-04-17,1987,203.0,Scottie Pippen,SF,1994,6,Chicago Bulls,103.0,1.0
27,All,1994-04-10,1991,218.0,Dikembe Mutombo,C,1994,2,Denver Nuggets,118.0,1.0
24,All,1994-04-03,1989,208.0,Shawn Kemp,C,1994,4,Seattle SuperSonics,127.0,1.0
31,All,1994-03-27,1984,213.0,Kevin Willis,C,1994,9,Atlanta Hawks,111.0,1.0
31,All,1994-03-20,1984,213.0,Hakeem Olajuwon,C,1994,9,Houston Rockets,116.0,1.0
30,All,1994-03-13,1985,190.0,Joe Dumars,SG,1994,8,Detroit Pistons,86.0,1.0
28,All,1994-03-06,1987,216.0,David Robinson,C,1994,4,San Antonio Spurs,113.0,1.0
24,All,1994-02-27,1989,208.0,Shawn Kemp,C,1994,4,Seattle SuperSonics,127.0,1.0
28,All,1994-02-20,1987,216.0,David Robinson,C,1994,4,San Antonio Spurs,113.0,1.0
28,All,1994-02-06,1987,216.0,David Robinson,C,1994,4,San Antonio Spurs,113.0,1.0
30,All,1994-01-30,1986,198.0,Ron Harper,SG,1994,7,Los Angeles Clippers,84.0,1.0
23,All,1994-01-23,1991,183.0,Kenny Anderson,PG,1994,2,New Jersey Nets,76.0,1.0
31,All,1994-01-16,1985,213.0,Patrick Ewing,C,1994,8,New York Knicks,109.0,1.0
20,All,1994-01-09,1993,206.0,Chris Webber,F-C,1994,0,Golden State Warriors,111.0,1.0
23,All,1994-01-02,1992,206.0,Oliver Miller,C,1994,1,Phoenix Suns,127.0,1.0
28,All,1993-12-26,1987,203.0,Scottie Pippen,SF,1994,6,Chicago Bulls,103.0,1.0
30,All,1993-12-19,1985,206.0,Karl Malone,PF,1994,8,Utah Jazz,120.0,1.0
21,All,1993-12-12,1992,216.0,Shaquille O'Neal,C,1994,1,Orlando Magic,147.0,1.0
28,All,1993-12-05,1987,216.0,David Robinson,C,1994,4,San Antonio Spurs,113.0,1.0
26,All,1993-11-28,1989,203.0,Glen Rice,SF,1994,4,Miami Heat,103.0,1.0
31,All,1993-11-21,1984,198.0,Charles Barkley,PF,1994,9,Phoenix Suns,114.0,1.0
31,All,1993-11-14,1984,213.0,Hakeem Olajuwon,C,1994,9,Houston Rockets,116.0,1.0
31,All,1995-04-23,1985,206.0,Karl Malone,PF,1995,9,Utah Jazz,120.0,1.0
28,All,1995-04-16,1991,218.0,Dikembe Mutombo,C,1995,3,Denver Nuggets,118.0,1.0
32,All,1995-04-09,1983,201.0,Clyde Drexler,SG,1995,11,Houston Rockets,95.0,1.0
29,All,1995-04-02,1987,216.0,David Robinson,C,1995,5,San Antonio Spurs,113.0,1.0
27,All,1995-03-26,1989,216.0,Vlade Divac,C,1995,5,Los Angeles Lakers,118.0,1.0
21,All,1995-03-19,1994,193.0,Jason Kidd,PG,1995,0,Dallas Mavericks,95.0,1.0
28,All,1995-03-12,1988,224.0,Rik Smits,C,1995,6,Indiana Pacers,113.0,1.0
22,All,1995-03-05,1992,216.0,Shaquille O'Neal,C,1995,2,Orlando Magic,147.0,1.0
28,All,1995-02-26,1988,190.0,Rod Strickland,PG,1995,6,Portland Trail Blazers,79.0,1.0
32,All,1995-02-19,1984,198.0,Charles Barkley,PF,1995,10,Phoenix Suns,114.0,1.0
32,All,1995-02-05,1984,213.0,Hakeem Olajuwon,C,1995,10,Houston Rockets,116.0,1.0
32,All,1995-01-29,1984,185.0,John Stockton,PG,1995,10,Utah Jazz,77.0,1.0
32,All,1995-01-22,1985,213.0,Patrick Ewing,C,1995,9,New York Knicks,109.0,1.0
25,All,1995-01-15,1991,198.0,Larry Johnson,F,1995,3,Charlotte Hornets,113.0,1.0
26,All,1995-01-08,1990,193.0,Gary Payton,G,1995,4,Seattle SuperSonics,82.0,1.0
32,All,1995-01-01,1984,213.0,Hakeem Olajuwon,C,1995,10,Houston Rockets,116.0,1.0
25,All,1994-12-25,1990,198.0,Cedric Ceballos,SF,1995,4,Los Angeles Lakers,86.0,1.0
31,All,1994-12-18,1985,206.0,Karl Malone,PF,1995,9,Utah Jazz,120.0,1.0
22,All,1994-12-11,1993,203.0,Jamal Mashburn,SF,1995,1,Dallas Mavericks,112.0,1.0
22,All,1994-12-04,1992,216.0,Shaquille O'Neal,C,1995,2,Orlando Magic,147.0,1.0
23,All,1994-11-27,1993,201.0,Penny Hardaway,PG,1995,1,Orlando Magic,88.0,1.0
25,All,1994-11-20,1991,183.0,Elliot Perry,PG,1995,3,Phoenix Suns,68.0,1.0
28,All,1994-11-13,1989,183.0,Tim Hardaway,PG,1995,5,Golden State Warriors,79.0,1.0
27,All,1996-04-21,1990,203.0,Dennis Scott,SF,1996,5,Orlando Magic,104.0,1.0
23,All,1996-04-14,1994,206.0,Juwan Howard,PF,1996,1,Washington Bullets,109.0,1.0
29,All,1996-04-07,1987,185.0,Kevin Johnson,PG,1996,8,Phoenix Suns,82.0,1.0
31,All,1996-03-31,1985,221.0,Arvydas Sabonis,C,1996,0,Portland Trail Blazers,127.0,1.0
28,All,1996-03-24,1991,208.0,Chris Gatling,PF,1996,4,Miami Heat,100.0,1.0
23,All,1996-03-17,1994,203.0,Grant Hill,SF,1996,1,Detroit Pistons,102.0,1.0
33,All,1996-03-10,1984,198.0,Michael Jordan,SG,1996,10,Chicago Bulls,98.0,1.0
23,All,1996-03-03,1992,216.0,Shaquille O'Neal,C,1996,3,Orlando Magic,147.0,1.0
33,All,1996-03-03,1984,213.0,Hakeem Olajuwon,C,1996,11,Houston Rockets,116.0,1.0
26,All,1996-02-25,1989,208.0,Shawn Kemp,C,1996,6,Seattle SuperSonics,127.0,1.0
31,All,1996-02-18,1987,206.0,Armen Gilliam,PF,1996,8,New Jersey Nets,104.0,1.0
22,All,1996-02-04,1994,193.0,Jason Kidd,PG,1996,1,Dallas Mavericks,95.0,1.0
30,All,1996-01-28,1987,201.0,Reggie Miller,SG,1996,8,Indiana Pacers,84.0,1.0
33,All,1996-01-21,1984,198.0,Michael Jordan,SG,1996,10,Chicago Bulls,98.0,1.0
30,All,1996-01-14,1987,216.0,David Robinson,C,1996,6,San Antonio Spurs,113.0,1.0
29,All,1996-01-07,1989,208.0,Cliff Robinson,PF,1996,6,Portland Trail Blazers,102.0,1.0
32,All,1995-12-31,1985,206.0,Karl Malone,PF,1996,10,Utah Jazz,120.0,1.0
33,All,1995-12-24,1984,198.0,Michael Jordan,SG,1996,10,Chicago Bulls,98.0,1.0
30,All,1995-12-17,1987,203.0,Scottie Pippen,SF,1996,8,Chicago Bulls,103.0,1.0
29,All,1995-12-10,1991,218.0,Dikembe Mutombo,C,1996,4,Denver Nuggets,118.0,1.0
25,All,1995-12-03,1991,180.0,Terrell Brandon,PG,1996,4,Cleveland Cavaliers,82.0,1.0
26,All,1995-11-26,1989,208.0,Shawn Kemp,C,1996,6,Seattle SuperSonics,127.0,1.0
26,All,1995-11-19,1990,198.0,Cedric Ceballos,SF,1996,5,Los Angeles Lakers,86.0,1.0
24,All,1995-11-12,1993,201.0,Penny Hardaway,PG,1996,2,Orlando Magic,88.0,1.0
24,All,1997-04-20,1993,206.0,Chris Webber,F-C,1997,3,Washington Bullets,111.0,1.0
21,All,1997-04-13,1996,183.0,Allen Iverson,G,1997,0,Philadelphia Sixers,75.0,1.0
24,All,1997-04-06,1994,203.0,Grant Hill,SF,1997,2,Detroit Pistons,102.0,1.0
30,All,1997-03-30,1987,185.0,Kevin Johnson,PG,1997,9,Phoenix Suns,82.0,1.0
33,All,1997-03-23,1985,206.0,Karl Malone,PF,1997,11,Utah Jazz,120.0,1.0
33,All,1997-03-16,1985,206.0,Karl Malone,PF,1997,11,Utah Jazz,120.0,1.0
34,All,1997-03-09,1985,213.0,Patrick Ewing,C,1997,11,New York Knicks,109.0,1.0
30,All,1997-03-02,1990,206.0,Loy Vaught,PF,1997,6,Los Angeles Clippers,104.0,1.0
31,All,1997-02-23,1987,203.0,Scottie Pippen,SF,1997,9,Chicago Bulls,103.0,1.0
27,All,1997-02-16,1992,208.0,Alonzo Mourning,C,1997,4,Miami Heat,109.0,1.0
29,All,1997-02-02,1989,203.0,Glen Rice,SF,1997,7,Charlotte Hornets,103.0,1.0
31,All,1997-01-26,1988,196.0,Mitch Richmond,SG,1997,8,Sacramento Kings,98.0,1.0
24,All,1997-01-19,1994,203.0,Grant Hill,SF,1997,2,Detroit Pistons,102.0,1.0
24,All,1997-01-12,1994,201.0,Glenn Robinson,SF,1997,2,Milwaukee Bucks,102.0,1.0
29,All,1997-01-05,1989,203.0,Glen Rice,SF,1997,7,Charlotte Hornets,103.0,1.0
30,All,1996-12-29,1989,183.0,Tim Hardaway,PG,1997,7,Miami Heat,79.0,1.0
26,All,1996-12-22,1991,180.0,Terrell Brandon,PG,1997,5,Cleveland Cavaliers,82.0,1.0
24,All,1996-12-15,1992,216.0,Shaquille O'Neal,C,1997,4,Los Angeles Lakers,147.0,1.0
29,All,1996-12-08,1990,208.0,Terry Mills,PF,1997,6,Detroit Pistons,104.0,1.0
30,All,1996-12-01,1991,218.0,Dikembe Mutombo,C,1997,5,Atlanta Hawks,118.0,1.0
34,All,1996-11-24,1984,198.0,Charles Barkley,PF,1997,12,Houston Rockets,114.0,1.0
33,All,1996-11-24,1985,206.0,Karl Malone,PF,1997,11,Utah Jazz,120.0,1.0
36,All,1996-11-17,1983,201.0,Dale Ellis,GF,1997,13,Denver Nuggets,93.0,1.0
34,All,1996-11-10,1984,213.0,Hakeem Olajuwon,C,1997,12,Houston Rockets,116.0,1.0
24,All,1998-04-19,1994,193.0,Jason Kidd,PG,1998,3,Phoenix Suns,95.0,1.0
28,All,1998-04-12,1993,190.0,Sam Cassell,G,1998,4,New Jersey Nets,84.0,1.0
35,All,1998-04-05,1984,198.0,Michael Jordan,SG,1998,12,Chicago Bulls,98.0,1.0
28,All,1998-03-29,1992,208.0,Alonzo Mourning,C,1998,5,Miami Heat,109.0,1.0
25,All,1998-03-22,1992,216.0,Shaquille O'Neal,C,1998,5,Los Angeles Lakers,147.0,1.0
24,All,1998-03-15,1994,193.0,Jason Kidd,PG,1998,3,Phoenix Suns,95.0,1.0
34,All,1998-03-08,1985,206.0,Karl Malone,PF,1998,12,Utah Jazz,120.0,1.0
21,All,1998-03-01,1997,211.0,Tim Duncan,FC,1998,0,San Antonio Spurs,113.0,1.0
30,All,1998-02-22,1989,198.0,Nick Anderson,GF,1998,8,Orlando Magic,103.0,1.0
34,All,1998-02-15,1985,206.0,Karl Malone,PF,1998,12,Utah Jazz,120.0,1.0
32,All,1998-02-01,1987,216.0,David Robinson,C,1998,8,San Antonio Spurs,113.0,1.0
30,All,1998-01-25,1990,208.0,Jayson Williams,FC,1998,7,New Jersey Nets,111.0,1.0
22,All,1998-01-18,1996,183.0,Allen Iverson,G,1998,1,Philadelphia Sixers,75.0,1.0
28,All,1998-01-11,1991,201.0,Steve Smith,SG,1998,6,Atlanta Hawks,91.0,1.0
31,All,1998-01-04,1988,224.0,Rik Smits,C,1998,9,Indiana Pacers,113.0,1.0
32,All,1997-12-28,1987,216.0,David Robinson,C,1998,8,San Antonio Spurs,113.0,1.0
35,All,1997-12-21,1984,198.0,Michael Jordan,SG,1998,12,Chicago Bulls,98.0,1.0
30,All,1997-12-14,1989,203.0,Glen Rice,SF,1998,8,Charlotte Hornets,103.0,1.0
26,All,1997-12-07,1994,198.0,Wesley Person,SG,1998,3,Cleveland Cavaliers,88.0,1.0
34,All,1997-11-30,1985,206.0,Karl Malone,PF,1998,12,Utah Jazz,120.0,1.0
35,All,1997-11-23,1984,198.0,Michael Jordan,SG,1998,12,Chicago Bulls,98.0,1.0
25,All,1997-11-16,1992,216.0,Shaquille O'Neal,C,1998,5,Los Angeles Lakers,147.0,1.0
31,All,1997-11-09,1991,218.0,Dikembe Mutombo,C,1998,6,Atlanta Hawks,118.0,1.0
26,All,1999-05-02,1994,203.0,Grant Hill,SF,1999,4,Detroit Pistons,102.0,1.0
25,All,1999-04-25,1993,206.0,Chris Webber,F-C,1999,5,Sacramento Kings,111.0,1.0
25,All,1999-04-18,1994,193.0,Jason Kidd,PG,1999,4,Phoenix Suns,95.0,1.0
35,All,1999-04-11,1985,206.0,Karl Malone,PF,1999,13,Utah Jazz,120.0,1.0
22,All,1999-04-04,1995,211.0,Kevin Garnett,PF,1999,3,Minnesota Timberwolves,109.0,1.0
30,All,1999-03-28,1991,183.0,Darrell Armstrong,PG,1999,4,Orlando Magic,77.0,1.0
22,All,1999-03-21,1998,198.0,Vince Carter,SF,1999,0,Toronto Raptors,100.0,1.0
29,All,1999-03-14,1992,208.0,Alonzo Mourning,C,1999,6,Miami Heat,109.0,1.0
22,All,1999-03-07,1997,211.0,Tim Duncan,FC,1999,1,San Antonio Spurs,113.0,1.0
24,All,1999-02-28,1995,206.0,Antonio McDyess,F,1999,3,Denver Nuggets,111.0,1.0
22,All,1999-02-21,1996,188.0,Stephon Marbury,G,1999,2,Minnesota Timberwolves,82.0,1.0
30,All,1999-02-14,1990,193.0,Gary Payton,G,1999,8,Seattle SuperSonics,82.0,1.0
32,All,1999-02-07,1991,218.0,Dikembe Mutombo,C,1999,7,Atlanta Hawks,118.0,1.0
21,All,2000-04-17,1996,198.0,Kobe Bryant,SG,2000,3,Los Angeles Lakers,96.0,1.0
30,All,2000-04-10,1992,208.0,Alonzo Mourning,C,2000,7,Miami Heat,109.0,1.0
23,All,2000-04-03,1997,211.0,Tim Duncan,FC,2000,2,San Antonio Spurs,113.0,1.0
23,All,2000-03-27,1995,211.0,Kevin Garnett,PF,2000,4,Minnesota Timberwolves,109.0,1.0
27,All,2000-03-20,1994,203.0,Jalen Rose,G,2000,5,Indiana Pacers,95.0,1.0
27,All,2000-03-13,1992,216.0,Shaquille O'Neal,C,2000,7,Los Angeles Lakers,147.0,1.0
36,All,2000-03-06,1985,206.0,Karl Malone,PF,2000,14,Utah Jazz,120.0,1.0
23,All,2000-02-28,1998,198.0,Vince Carter,SF,2000,1,Toronto Raptors,100.0,1.0
27,All,2000-02-22,1992,216.0,Shaquille O'Neal,C,2000,7,Los Angeles Lakers,147.0,1.0
26,All,2000-02-07,1995,201.0,Michael Finley,G-F,2000,4,Dallas Mavericks,102.0,1.0
33,All,2000-01-31,1991,218.0,Dikembe Mutombo,C,2000,8,Atlanta Hawks,118.0,1.0
23,All,2000-01-24,1999,190.0,Steve Francis,G,2000,0,Houston Rockets,88.0,1.0
27,All,2000-01-17,1993,206.0,Chris Webber,F-C,2000,6,Sacramento Kings,111.0,1.0
27,All,2000-01-10,1994,203.0,Grant Hill,SF,2000,5,Detroit Pistons,102.0,1.0
27,All,2000-01-03,1993,206.0,Chris Webber,F-C,2000,6,Sacramento Kings,111.0,1.0
23,All,1999-12-27,1995,211.0,Kevin Garnett,PF,2000,4,Minnesota Timberwolves,109.0,1.0
26,All,1999-12-20,1994,193.0,Jason Kidd,PG,2000,5,Phoenix Suns,95.0,1.0
30,All,1999-12-13,1992,208.0,Alonzo Mourning,C,2000,7,Miami Heat,109.0,1.0
27,All,1999-12-05,1992,216.0,Shaquille O'Neal,C,2000,7,Los Angeles Lakers,147.0,1.0
23,All,1999-11-28,1997,211.0,Tim Duncan,FC,2000,2,San Antonio Spurs,113.0,1.0
23,All,1999-11-21,1998,198.0,Vince Carter,SF,2000,1,Toronto Raptors,100.0,1.0
23,All,1999-11-14,1995,211.0,Kevin Garnett,PF,2000,4,Minnesota Timberwolves,109.0,1.0
30,All,1999-11-07,1993,190.0,Sam Cassell,G,2000,6,Milwaukee Bucks,84.0,1.0
25,All,2001-04-15,1996,196.0,Ray Allen,SG,2001,4,Milwaukee Bucks,93.0,1.0
28,All,2001-04-08,1992,216.0,Shaquille O'Neal,C,2001,8,Los Angeles Lakers,147.0,1.0
27,All,2001-04-01,1994,193.0,Jason Kidd,PG,2001,6,Phoenix Suns,95.0,1.0
23,All,2001-03-25,1998,201.0,Paul Pierce,SF,2001,2,Boston Celtics,107.0,1.0
25,All,2001-03-18,1998,193.0,Cuttino Mobley,G,2001,2,Houston Rockets,86.0,1.0
26,All,2001-03-11,1997,196.0,Derek Anderson,G,2001,3,San Antonio Spurs,88.0,1.0
24,All,2001-03-04,1998,198.0,Vince Carter,SF,2001,2,Toronto Raptors,100.0,1.0
22,All,2001-02-25,1999,201.0,Shawn Marion,F,2001,1,Phoenix Suns,103.0,1.0
25,All,2001-02-18,1996,183.0,Allen Iverson,G,2001,4,Philadelphia Sixers,75.0,1.0
32,All,2001-02-04,1991,183.0,Darrell Armstrong,PG,2001,6,Orlando Magic,77.0,1.0
24,All,2001-01-28,1997,211.0,Tim Duncan,FC,2001,3,San Antonio Spurs,113.0,1.0
28,All,2001-01-22,1993,206.0,Chris Webber,F-C,2001,7,Sacramento Kings,111.0,1.0
24,All,2001-01-14,1999,190.0,Steve Francis,G,2001,1,Houston Rockets,88.0,1.0
25,All,2001-01-07,1996,183.0,Allen Iverson,G,2001,4,Philadelphia Sixers,75.0,1.0
28,All,2000-12-31,1994,196.0,Aaron McKie,G,2001,6,Philadelphia Sixers,95.0,1.0
22,All,2000-12-24,1996,198.0,Kobe Bryant,SG,2001,4,Los Angeles Lakers,96.0,1.0
28,All,2000-12-17,1994,201.0,Glenn Robinson,SF,2001,6,Milwaukee Bucks,102.0,1.0
28,All,2000-12-10,1993,206.0,Chris Webber,F-C,2001,7,Sacramento Kings,111.0,1.0
26,All,2000-12-03,1995,206.0,Antonio McDyess,F,2001,5,Denver Nuggets,111.0,1.0
21,All,2000-11-26,1999,190.0,Baron Davis,G,2001,1,Charlotte Hornets,98.0,1.0
24,All,2000-11-19,1995,211.0,Kevin Garnett,PF,2001,5,Minnesota Timberwolves,109.0,1.0
24,All,2000-11-12,1996,188.0,Stephon Marbury,G,2001,4,New Jersey Nets,82.0,1.0
37,All,2000-11-06,1985,206.0,Karl Malone,PF,2001,15,Utah Jazz,120.0,1.0
38,All,2000-11-06,1984,185.0,John Stockton,PG,2001,16,Utah Jazz,77.0,1.0
24,East,2002-04-07,1998,201.0,Paul Pierce,SF,2002,3,Boston Celtics,107.0,0.5
25,West,2002-04-07,1997,211.0,Tim Duncan,FC,2002,4,San Antonio Spurs,113.0,0.5
27,East,2002-03-31,1996,206.0,Ben Wallace,FC,2002,5,Detroit Pistons,109.0,0.5
23,West,2002-03-31,1999,201.0,Shawn Marion,F,2002,2,Phoenix Suns,103.0,0.5
28,East,2002-03-24,1994,193.0,Jason Kidd,PG,2002,7,New Jersey Nets,95.0,0.5
25,West,2002-03-24,1997,211.0,Tim Duncan,FC,2002,4,San Antonio Spurs,113.0,0.5
22,East,2002-03-17,1997,203.0,Tracy McGrady,GF,2002,4,Orlando Magic,95.0,0.5
25,West,2002-03-17,1997,211.0,Tim Duncan,FC,2002,4,San Antonio Spurs,113.0,0.5
29,East,2002-03-10,1995,206.0,Kurt Thomas,FC,2002,6,New York Knicks,109.0,0.5
29,West,2002-03-10,1992,216.0,Shaquille O'Neal,C,2002,9,Los Angeles Lakers,147.0,0.5
26,East,2002-03-03,1996,183.0,Allen Iverson,G,2002,5,Philadelphia Sixers,75.0,0.5
27,West,2002-03-03,1995,211.0,Rasheed Wallace,FC,2002,6,Portland Trail Blazers,104.0,0.5
27,East,2002-02-24,1996,206.0,Ben Wallace,FC,2002,5,Detroit Pistons,109.0,0.5
29,West,2002-02-24,1992,216.0,Shaquille O'Neal,C,2002,9,Los Angeles Lakers,147.0,0.5
25,East,2002-02-17,1999,190.0,Andre Miller,PG,2002,2,Cleveland Cavaliers,91.0,0.5
38,West,2002-02-17,1985,206.0,Karl Malone,PF,2002,16,Utah Jazz,120.0,0.5
28,East,2002-02-03,1994,193.0,Jason Kidd,PG,2002,7,New Jersey Nets,95.0,0.5
29,West,2002-02-03,1992,216.0,Shaquille O'Neal,C,2002,9,Los Angeles Lakers,147.0,0.5
26,East,2002-01-27,1996,183.0,Allen Iverson,G,2002,5,Philadelphia Sixers,75.0,0.5
23,West,2002-01-27,1998,213.0,Dirk Nowitzki,PF,2002,3,Dallas Mavericks,111.0,0.5
26,East,2002-01-20,1996,183.0,Allen Iverson,G,2002,5,Philadelphia Sixers,75.0,0.5
23,West,2002-01-20,1996,198.0,Kobe Bryant,SG,2002,5,Los Angeles Lakers,96.0,0.5
26,East,2002-01-13,1996,196.0,Ray Allen,SG,2002,5,Milwaukee Bucks,93.0,0.5
25,West,2002-01-13,1995,211.0,Kevin Garnett,PF,2002,6,Minnesota Timberwolves,109.0,0.5
30,East,2002-01-06,1994,198.0,Eddie Jones,G-F,2002,7,Miami Heat,91.0,0.5
28,West,2002-01-06,1993,206.0,Chris Webber,F-C,2002,8,Sacramento Kings,111.0,0.5
28,East,2001-12-30,1994,193.0,Jason Kidd,PG,2002,7,New Jersey Nets,95.0,0.5
25,West,2001-12-30,1997,211.0,Tim Duncan,FC,2002,4,San Antonio Spurs,113.0,0.5
23,East,2001-12-23,1996,211.0,Jermaine O'Neal,FC,2002,5,Indiana Pacers,107.0,0.5
33,West,2001-12-23,1990,193.0,Gary Payton,G,2002,11,Seattle SuperSonics,82.0,0.5
24,East,2001-12-16,1999,201.0,Richard Hamilton,SG,2002,2,Washington Wizards,88.0,0.5
28,West,2001-12-16,1996,190.0,Steve Nash,G,2002,5,Dallas Mavericks,81.0,0.5
25,East,2001-12-09,1999,190.0,Andre Miller,PG,2002,2,Cleveland Cavaliers,91.0,0.5
22,West,2001-12-09,1999,206.0,Elton Brand,PF,2002,2,Los Angeles Clippers,115.0,0.5
24,East,2001-12-02,1998,201.0,Paul Pierce,SF,2002,3,Boston Celtics,107.0,0.5
25,West,2001-12-02,1996,188.0,Stephon Marbury,G,2002,5,Phoenix Suns,82.0,0.5
25,East,2001-11-25,1996,206.0,Shareef Abdur-Rahim,F,2002,5,Atlanta Hawks,102.0,0.5
25,West,2001-11-25,1997,211.0,Tim Duncan,FC,2002,4,San Antonio Spurs,113.0,0.5
26,East,2001-11-18,1996,183.0,Allen Iverson,G,2002,5,Philadelphia Sixers,75.0,0.5
25,West,2001-11-18,1995,211.0,Kevin Garnett,PF,2002,6,Minnesota Timberwolves,109.0,0.5
25,East,2001-11-11,1998,198.0,Vince Carter,SF,2002,3,Toronto Raptors,100.0,0.5
25,West,2001-11-11,1997,211.0,Tim Duncan,FC,2002,4,San Antonio Spurs,113.0,0.5
26,East,2001-11-04,1996,196.0,Ray Allen,SG,2002,5,Milwaukee Bucks,93.0,0.5
23,West,2001-11-04,1996,198.0,Kobe Bryant,SG,2002,5,Los Angeles Lakers,96.0,0.5
23,East,2003-04-13,1997,203.0,Tracy McGrady,GF,2003,5,Orlando Magic,95.0,0.5
24,West,2003-04-13,1999,201.0,Shawn Marion,F,2003,3,Phoenix Suns,103.0,0.5
29,East,2003-04-06,1994,193.0,Jason Kidd,PG,2003,8,New Jersey Nets,95.0,0.5
30,West,2003-04-06,1992,216.0,Shaquille O'Neal,C,2003,10,Los Angeles Lakers,147.0,0.5
22,East,2003-03-30,2001,201.0,Richard Jefferson,SF,2003,1,New Jersey Nets,106.0,0.5
26,West,2003-03-30,1997,211.0,Tim Duncan,FC,2003,5,San Antonio Spurs,113.0,0.5
28,East,2003-03-23,1996,206.0,Ben Wallace,FC,2003,6,Detroit Pistons,109.0,0.5
25,West,2003-03-23,1996,208.0,Peja Stojakovic,F,2003,4,Sacramento Kings,104.0,0.5
27,East,2003-03-16,1996,183.0,Allen Iverson,G,2003,6,Philadelphia Sixers,75.0,0.5
26,West,2003-03-16,1999,190.0,Steve Francis,G,2003,3,Houston Rockets,88.0,0.5
23,East,2003-03-09,1997,203.0,Tracy McGrady,GF,2003,5,Orlando Magic,95.0,0.5
30,West,2003-03-09,1992,216.0,Shaquille O'Neal,C,2003,10,Los Angeles Lakers,147.0,0.5
40,East,2003-03-02,1984,198.0,Michael Jordan,SG,2003,14,Washington Wizards,98.0,0.5
27,West,2003-03-02,1996,196.0,Ray Allen,SG,2003,6,Seattle SuperSonics,93.0,0.5
23,East,2003-02-23,1997,203.0,Tracy McGrady,GF,2003,5,Orlando Magic,95.0,0.5
24,West,2003-02-23,1996,198.0,Kobe Bryant,SG,2003,6,Los Angeles Lakers,96.0,0.5
31,East,2003-02-16,1993,198.0,Allan Houston,G,2003,9,New York Knicks,93.0,0.5
26,West,2003-02-16,1997,211.0,Tim Duncan,FC,2003,5,San Antonio Spurs,113.0,0.5
26,East,2003-02-02,1997,190.0,Chauncey Billups,G,2003,5,Detroit Pistons,95.0,0.5
24,West,2003-02-02,1996,198.0,Kobe Bryant,SG,2003,6,Los Angeles Lakers,96.0,0.5
25,East,2003-01-26,1998,201.0,Paul Pierce,SF,2003,4,Boston Celtics,107.0,0.5
26,West,2003-01-26,1997,211.0,Tim Duncan,FC,2003,5,San Antonio Spurs,113.0,0.5
26,East,2003-01-19,1996,206.0,Antoine Walker,F,2003,6,Boston Celtics,120.0,0.5
26,West,2003-01-19,1999,190.0,Steve Francis,G,2003,3,Houston Rockets,88.0,0.5
24,East,2003-01-12,1996,211.0,Jermaine O'Neal,FC,2003,6,Indiana Pacers,107.0,0.5
24,West,2003-01-12,1996,198.0,Kobe Bryant,SG,2003,6,Los Angeles Lakers,96.0,0.5
26,West,2003-01-12,1996,188.0,Stephon Marbury,G,2003,6,Phoenix Suns,82.0,0.5
40,East,2003-01-05,1984,198.0,Michael Jordan,SG,2003,14,Washington Wizards,98.0,0.5
24,West,2003-01-05,1998,213.0,Dirk Nowitzki,PF,2003,4,Dallas Mavericks,111.0,0.5
32,East,2002-12-29,1993,196.0,Lucious Harris,SG,2003,9,New Jersey Nets,86.0,0.5
26,West,2002-12-29,1997,211.0,Tim Duncan,FC,2003,5,San Antonio Spurs,113.0,0.5
29,East,2002-12-22,1994,193.0,Jason Kidd,PG,2003,8,New Jersey Nets,95.0,0.5
26,West,2002-12-22,1997,211.0,Tim Duncan,FC,2003,5,San Antonio Spurs,113.0,0.5
26,East,2002-12-15,1996,206.0,Antoine Walker,F,2003,6,Boston Celtics,120.0,0.5
29,West,2002-12-15,1993,206.0,Chris Webber,F-C,2003,9,Sacramento Kings,111.0,0.5
25,East,2002-12-08,1998,201.0,Paul Pierce,SF,2003,4,Boston Celtics,107.0,0.5
24,West,2002-12-08,1996,198.0,Kobe Bryant,SG,2003,6,Los Angeles Lakers,96.0,0.5
27,East,2002-12-01,1996,183.0,Allen Iverson,G,2003,6,Philadelphia Sixers,75.0,0.5
26,West,2002-12-01,1996,188.0,Stephon Marbury,G,2003,6,Phoenix Suns,82.0,0.5
27,East,2002-11-24,1996,183.0,Allen Iverson,G,2003,6,Philadelphia Sixers,75.0,0.5
26,West,2002-11-24,1995,211.0,Kevin Garnett,PF,2003,7,Minnesota Timberwolves,109.0,0.5
23,East,2002-11-17,1999,201.0,Metta World Peace,SF,2003,3,Indiana Pacers,118.0,0.5
23,West,2002-11-17,1998,208.0,Rashard Lewis,F,2003,4,Seattle SuperSonics,107.0,0.5
28,East,2002-11-10,1995,198.0,Jerry Stackhouse,SF,2003,7,Washington Wizards,99.0,0.5
24,West,2002-11-10,1998,213.0,Dirk Nowitzki,PF,2003,4,Dallas Mavericks,111.0,0.5
30,East,2002-11-03,1994,201.0,Glenn Robinson,SF,2003,8,Atlanta Hawks,102.0,0.5
24,West,2002-11-03,1996,198.0,Kobe Bryant,SG,2003,6,Los Angeles Lakers,96.0,0.5
25,East,2004-04-12,2000,211.0,Jamaal Magloire,C,2004,3,New Orleans Hornets,117.0,0.5
19,West,2004-04-12,2003,203.0,Carmelo Anthony,F,2004,0,Denver Nuggets,109.0,0.5
23,East,2004-04-05,2001,201.0,Richard Jefferson,SF,2004,2,New Jersey Nets,106.0,0.5
25,West,2004-04-05,1998,213.0,Dirk Nowitzki,PF,2004,5,Dallas Mavericks,111.0,0.5
24,East,2004-03-29,1999,201.0,Metta World Peace,SF,2004,4,Indiana Pacers,118.0,0.5
25,West,2004-03-29,1996,198.0,Kobe Bryant,SG,2004,7,Los Angeles Lakers,96.0,0.5
27,East,2004-03-21,1998,198.0,Vince Carter,SF,2004,5,Toronto Raptors,100.0,0.5
31,West,2004-03-21,1992,216.0,Shaquille O'Neal,C,2004,11,Los Angeles Lakers,147.0,0.5
28,East,2004-03-14,1996,221.0,Zydrunas Ilgauskas,C,2004,7,Cleveland Cavaliers,118.0,0.5
19,West,2004-03-14,2003,203.0,Carmelo Anthony,F,2004,0,Denver Nuggets,109.0,0.5
24,East,2004-03-07,1999,208.0,Lamar Odom,PF,2004,4,Miami Heat,104.0,0.5
23,West,2004-03-07,2002,229.0,Yao Ming,C,2004,1,Houston Rockets,141.0,0.5
29,East,2004-02-29,1996,206.0,Ben Wallace,FC,2004,7,Detroit Pistons,109.0,0.5
23,West,2004-02-29,1999,206.0,Andrei Kirilenko,PF,2004,2,Utah Jazz,107.0,0.5
22,East,2004-02-22,2003,193.0,Dwyane Wade,SG,2004,0,Miami Heat,100.0,0.5
25,West,2004-02-22,1996,198.0,Kobe Bryant,SG,2004,7,Los Angeles Lakers,96.0,0.5
26,East,2004-02-08,2000,206.0,Kenyon Martin,F,2004,3,New Jersey Nets,109.0,0.5
27,West,2004-02-08,1997,211.0,Tim Duncan,FC,2004,6,San Antonio Spurs,113.0,0.5
30,East,2004-02-01,1994,193.0,Jason Kidd,PG,2004,9,New Jersey Nets,95.0,0.5
27,West,2004-02-01,1995,211.0,Kevin Garnett,PF,2004,8,Minnesota Timberwolves,109.0,0.5
22,East,2004-01-25,2002,206.0,Carlos Boozer,PF,2004,1,Cleveland Cavaliers,121.0,0.5
27,West,2004-01-25,1995,211.0,Kevin Garnett,PF,2004,8,Minnesota Timberwolves,109.0,0.5
27,East,2004-01-18,1996,188.0,Stephon Marbury,G,2004,7,New York Knicks,82.0,0.5
30,West,2004-01-18,1995,201.0,Michael Finley,G-F,2004,8,Dallas Mavericks,102.0,0.5
26,East,2004-01-11,1998,201.0,Paul Pierce,SF,2004,5,Boston Celtics,107.0,0.5
28,West,2004-01-11,1996,196.0,Ray Allen,SG,2004,7,Seattle SuperSonics,93.0,0.5
29,East,2004-01-04,1996,206.0,Ben Wallace,FC,2004,7,Detroit Pistons,109.0,0.5
24,West,2004-01-04,1999,206.0,Elton Brand,PF,2004,4,Los Angeles Clippers,115.0,0.5
30,East,2003-12-28,1994,193.0,Jason Kidd,PG,2004,9,New Jersey Nets,95.0,0.5
34,West,2003-12-28,1993,190.0,Sam Cassell,G,2004,10,Minnesota Timberwolves,84.0,0.5
24,East,2003-12-21,1997,203.0,Tracy McGrady,GF,2004,6,Orlando Magic,95.0,0.5
27,West,2003-12-21,1995,211.0,Kevin Garnett,PF,2004,8,Minnesota Timberwolves,109.0,0.5
26,East,2003-12-14,1998,201.0,Paul Pierce,SF,2004,5,Boston Celtics,107.0,0.5
26,West,2003-12-14,1996,208.0,Peja Stojakovic,F,2004,5,Sacramento Kings,104.0,0.5
27,East,2003-12-07,1998,198.0,Vince Carter,SF,2004,5,Toronto Raptors,100.0,0.5
31,West,2003-12-07,1992,216.0,Shaquille O'Neal,C,2004,11,Los Angeles Lakers,147.0,0.5
37,East,2003-11-30,1991,218.0,Dikembe Mutombo,C,2004,12,New York Knicks,118.0,0.5
30,West,2003-11-30,1994,193.0,Voshon Lenard,SG,2004,8,Denver Nuggets,93.0,0.5
27,East,2003-11-23,1997,190.0,Chauncey Billups,G,2004,6,Detroit Pistons,95.0,0.5
27,West,2003-11-23,1995,211.0,Kevin Garnett,PF,2004,8,Minnesota Timberwolves,109.0,0.5
28,East,2003-11-16,1996,183.0,Allen Iverson,G,2004,7,Philadelphia Sixers,75.0,0.5
23,West,2003-11-16,2000,198.0,Quentin Richardson,GF,2004,3,Los Angeles Clippers,101.0,0.5
24,East,2003-11-09,1999,201.0,Metta World Peace,SF,2004,4,Indiana Pacers,118.0,0.5
23,West,2003-11-09,1999,206.0,Andrei Kirilenko,PF,2004,2,Utah Jazz,107.0,0.5
24,East,2003-11-02,1999,190.0,Baron Davis,G,2004,4,New Orleans Hornets,98.0,0.5
24,West,2003-11-02,1998,208.0,Rashard Lewis,F,2004,5,Seattle SuperSonics,107.0,0.5
31,East,2005-04-17,1994,193.0,Jason Kidd,PG,2005,10,New Jersey Nets,95.0,0.5
25,West,2005-04-17,1997,203.0,Tracy McGrady,GF,2005,7,Houston Rockets,95.0,0.5
28,East,2005-04-10,1998,198.0,Vince Carter,SF,2005,6,New Jersey Nets,100.0,0.5
25,West,2005-04-10,1999,190.0,Baron Davis,G,2005,5,Golden State Warriors,98.0,0.5
39,East,2005-04-03,1987,201.0,Reggie Miller,SG,2005,17,Indiana Pacers,84.0,0.5
25,West,2005-04-03,1999,190.0,Baron Davis,G,2005,5,Golden State Warriors,98.0,0.5
29,East,2005-03-27,1996,183.0,Allen Iverson,G,2005,8,Philadelphia Sixers,75.0,0.5
29,West,2005-03-27,1996,196.0,Ray Allen,SG,2005,8,Seattle SuperSonics,93.0,0.5
28,East,2005-03-20,1997,190.0,Chauncey Billups,G,2005,7,Detroit Pistons,95.0,0.5
24,West,2005-03-20,2001,198.0,Jason Richardson,GF,2005,3,Golden State Warriors,102.0,0.5
27,East,2005-03-13,1998,201.0,Paul Pierce,SF,2005,6,Boston Celtics,107.0,0.5
25,West,2005-03-13,1997,203.0,Tracy McGrady,GF,2005,7,Houston Rockets,95.0,0.5
29,East,2005-03-06,1996,183.0,Allen Iverson,G,2005,8,Philadelphia Sixers,75.0,0.5
30,West,2005-03-06,1996,211.0,Marcus Camby,C,2005,8,Denver Nuggets,109.0,0.5
32,East,2005-02-27,1994,203.0,Jalen Rose,G,2005,10,Toronto Raptors,95.0,0.5
26,West,2005-02-27,1998,188.0,Mike Bibby,G,2005,6,Sacramento Kings,88.0,0.5
29,East,2005-02-13,1996,183.0,Allen Iverson,G,2005,8,Philadelphia Sixers,75.0,0.5
31,West,2005-02-13,1996,190.0,Steve Nash,G,2005,8,Phoenix Suns,81.0,0.5
27,East,2005-02-06,1998,201.0,Paul Pierce,SF,2005,6,Boston Celtics,107.0,0.5
25,West,2005-02-06,1997,203.0,Tracy McGrady,GF,2005,7,Houston Rockets,95.0,0.5
28,East,2005-01-30,1998,198.0,Vince Carter,SF,2005,6,New Jersey Nets,100.0,0.5
28,West,2005-01-30,1998,213.0,Brad Miller,C,2005,6,Sacramento Kings,118.0,0.5
20,East,2005-01-23,2003,203.0,LeBron James,F,2005,1,Cleveland Cavaliers,113.0,0.5
27,West,2005-01-23,1999,188.0,Jason Terry,G,2005,5,Dallas Mavericks,84.0,0.5
26,East,2005-01-16,1998,196.0,Larry Hughes,G,2005,6,Washington Wizards,83.0,0.5
25,West,2005-01-16,1997,203.0,Tracy McGrady,GF,2005,7,Houston Rockets,95.0,0.5
20,East,2005-01-09,2003,211.0,Chris Bosh,PF,2005,1,Toronto Raptors,107.0,0.5
33,West,2005-01-09,1993,201.0,Bruce Bowen,F,2005,9,San Antonio Spurs,91.0,0.5
28,East,2005-01-02,1996,188.0,Stephon Marbury,G,2005,8,New York Knicks,82.0,0.5
24,West,2005-01-02,2001,213.0,Pau Gasol,FC,2005,3,Memphis Grizzlies,113.0,0.5
29,East,2004-12-26,1996,183.0,Allen Iverson,G,2005,8,Philadelphia Sixers,75.0,0.5
31,West,2004-12-26,1996,190.0,Steve Nash,G,2005,8,Phoenix Suns,81.0,0.5
32,East,2004-12-19,1992,216.0,Shaquille O'Neal,C,2005,12,Miami Heat,147.0,0.5
26,West,2004-12-19,1999,201.0,Shawn Marion,F,2005,5,Phoenix Suns,103.0,0.5
24,East,2004-12-12,2001,201.0,Richard Jefferson,SF,2005,3,New Jersey Nets,106.0,0.5
22,West,2004-12-12,2002,208.0,Amar'e Stoudemire,FC,2005,2,Phoenix Suns,111.0,0.5
23,East,2004-12-05,2001,190.0,Gilbert Arenas,G,2005,3,Washington Wizards,87.0,0.5
26,West,2004-12-05,1998,213.0,Dirk Nowitzki,PF,2005,6,Dallas Mavericks,111.0,0.5
20,East,2004-11-28,2003,203.0,LeBron James,F,2005,1,Cleveland Cavaliers,113.0,0.5
26,West,2004-11-28,1999,201.0,Shawn Marion,F,2005,5,Phoenix Suns,103.0,0.5
32,East,2004-11-21,1994,203.0,Grant Hill,SF,2005,10,Orlando Magic,102.0,0.5
22,West,2004-11-21,2002,208.0,Amar'e Stoudemire,FC,2005,2,Phoenix Suns,111.0,0.5
20,East,2004-11-14,2003,203.0,LeBron James,F,2005,1,Cleveland Cavaliers,113.0,0.5
29,West,2004-11-14,1996,196.0,Ray Allen,SG,2005,8,Seattle SuperSonics,93.0,0.5
23,East,2004-11-07,2003,193.0,Dwyane Wade,SG,2005,1,Miami Heat,100.0,0.5
28,West,2004-11-07,1995,211.0,Kevin Garnett,PF,2005,9,Minnesota Timberwolves,109.0,0.5
22,East,2006-04-16,2004,190.0,Ben Gordon,SG,2006,1,Chicago Bulls,91.0,0.5
27,West,2006-04-16,1996,198.0,Kobe Bryant,SG,2006,9,Los Angeles Lakers,96.0,0.5
25,East,2006-04-09,2000,196.0,Jamal Crawford,SG,2006,5,New York Knicks,88.0,0.5
23,West,2006-04-09,2002,208.0,Chris Wilcox,FC,2006,3,Seattle SuperSonics,107.0,0.5
21,East,2006-04-02,2003,203.0,LeBron James,F,2006,2,Cleveland Cavaliers,113.0,0.5
25,West,2006-04-02,2002,229.0,Yao Ming,C,2006,3,Houston Rockets,141.0,0.5
21,East,2006-03-26,2003,203.0,LeBron James,F,2006,2,Cleveland Cavaliers,113.0,0.5
25,West,2006-03-26,2001,213.0,Pau Gasol,FC,2006,4,Memphis Grizzlies,113.0,0.5
21,East,2006-03-19,2003,203.0,LeBron James,F,2006,2,Cleveland Cavaliers,113.0,0.5
21,West,2006-03-19,2003,203.0,Carmelo Anthony,F,2006,2,Denver Nuggets,109.0,0.5
28,East,2006-03-12,1998,201.0,Paul Pierce,SF,2006,7,Boston Celtics,107.0,0.5
27,West,2006-03-12,1998,188.0,Mike Bibby,G,2006,7,Sacramento Kings,88.0,0.5
30,East,2006-03-05,1996,183.0,Allen Iverson,G,2006,9,Philadelphia Sixers,75.0,0.5
25,West,2006-03-05,2001,213.0,Pau Gasol,FC,2006,4,Memphis Grizzlies,113.0,0.5
24,East,2006-02-27,2001,190.0,Gilbert Arenas,G,2006,4,Washington Wizards,87.0,0.5
25,West,2006-02-27,2002,229.0,Yao Ming,C,2006,3,Houston Rockets,141.0,0.5
24,East,2006-02-13,2001,190.0,Gilbert Arenas,G,2006,4,Washington Wizards,87.0,0.5
23,West,2006-02-13,2001,188.0,Tony Parker,G,2006,4,San Antonio Spurs,84.0,0.5
21,East,2006-02-06,2003,211.0,Chris Bosh,PF,2006,2,Toronto Raptors,107.0,0.5
20,West,2006-02-06,2005,183.0,Chris Paul,PG,2006,0,New Orleans Hornets,79.0,0.5
21,East,2006-01-30,2003,203.0,LeBron James,F,2006,2,Cleveland Cavaliers,113.0,0.5
26,West,2006-01-30,1999,206.0,Elton Brand,PF,2006,6,Los Angeles Clippers,115.0,0.5
28,East,2006-01-22,1999,201.0,Richard Hamilton,SG,2006,6,Detroit Pistons,88.0,0.5
27,West,2006-01-22,1996,198.0,Kobe Bryant,SG,2006,9,Los Angeles Lakers,96.0,0.5
30,East,2006-01-15,1996,183.0,Allen Iverson,G,2006,9,Philadelphia Sixers,75.0,0.5
29,West,2006-01-15,1995,211.0,Kevin Garnett,PF,2006,10,Minnesota Timberwolves,109.0,0.5
30,East,2006-01-08,1998,188.0,Mike James,G,2006,4,Toronto Raptors,85.0,0.5
32,West,2006-01-08,1996,190.0,Steve Nash,G,2006,9,Phoenix Suns,81.0,0.5
24,East,2006-01-01,2003,193.0,Dwyane Wade,SG,2006,2,Miami Heat,100.0,0.5
27,West,2006-01-01,1999,201.0,Shawn Marion,F,2006,6,Phoenix Suns,103.0,0.5
29,East,2005-12-26,1998,198.0,Vince Carter,SF,2006,7,New Jersey Nets,100.0,0.5
27,West,2005-12-26,1996,198.0,Kobe Bryant,SG,2006,9,Los Angeles Lakers,96.0,0.5
24,East,2005-12-19,2001,201.0,Joe Johnson,SG,2006,4,Atlanta Hawks,109.0,0.5
27,West,2005-12-19,1996,198.0,Kobe Bryant,SG,2006,9,Los Angeles Lakers,96.0,0.5
30,East,2005-12-12,1996,183.0,Allen Iverson,G,2006,9,Philadelphia Sixers,75.0,0.5
26,West,2005-12-12,1999,206.0,Elton Brand,PF,2006,6,Los Angeles Clippers,115.0,0.5
24,East,2005-12-05,2003,193.0,Dwyane Wade,SG,2006,2,Miami Heat,100.0,0.5
26,West,2005-12-05,1999,190.0,Baron Davis,G,2006,6,Golden State Warriors,98.0,0.5
23,East,2005-11-28,2001,201.0,Gerald Wallace,F,2006,4,Charlotte Bobcats,100.0,0.5
32,West,2005-11-28,1996,190.0,Steve Nash,G,2006,9,Phoenix Suns,81.0,0.5
21,East,2005-11-21,2003,203.0,LeBron James,F,2006,2,Cleveland Cavaliers,113.0,0.5
26,West,2005-11-21,1999,206.0,Elton Brand,PF,2006,6,Los Angeles Clippers,115.0,0.5
24,East,2005-11-14,2001,190.0,Gilbert Arenas,G,2006,4,Washington Wizards,87.0,0.5
31,West,2005-11-14,1996,211.0,Marcus Camby,C,2006,9,Denver Nuggets,109.0,0.5
22,East,2005-11-07,2003,183.0,T.J. Ford,PG,2006,2,Milwaukee Bucks,75.0,0.5
27,West,2005-11-07,1996,198.0,Kobe Bryant,SG,2006,9,Los Angeles Lakers,96.0,0.5
23,East,2007-04-15,2004,190.0,Ben Gordon,SG,2007,2,Chicago Bulls,91.0,0.5
27,West,2007-04-15,1997,203.0,Tracy McGrady,GF,2007,9,Houston Rockets,95.0,0.5
24,East,2007-04-08,2001,201.0,Gerald Wallace,F,2007,5,Charlotte Bobcats,100.0,0.5
30,West,2007-04-08,1997,211.0,Tim Duncan,FC,2007,9,San Antonio Spurs,113.0,0.5
22,East,2007-04-01,2003,211.0,Chris Bosh,PF,2007,3,Toronto Raptors,107.0,0.5
26,West,2007-04-01,2002,229.0,Yao Ming,C,2007,4,Houston Rockets,141.0,0.5
24,East,2007-03-25,2001,201.0,Gerald Wallace,F,2007,5,Charlotte Bobcats,100.0,0.5
28,West,2007-03-25,1996,198.0,Kobe Bryant,SG,2007,10,Los Angeles Lakers,96.0,0.5
33,East,2007-03-18,1994,193.0,Jason Kidd,PG,2007,12,New Jersey Nets,95.0,0.5
28,West,2007-03-18,1996,198.0,Kobe Bryant,SG,2007,10,Los Angeles Lakers,96.0,0.5
22,East,2007-03-11,2003,203.0,LeBron James,F,2007,3,Cleveland Cavaliers,113.0,0.5
29,West,2007-03-11,1999,198.0,Manu Ginobili,SG,2007,4,San Antonio Spurs,93.0,0.5
22,East,2007-03-04,2004,208.0,Al Jefferson,FC,2007,2,Boston Celtics,131.0,0.5
24,West,2007-03-04,2004,201.0,Kevin Martin,SG,2007,2,Sacramento Kings,90.0,0.5
30,East,2007-02-25,1998,198.0,Vince Carter,SF,2007,8,New Jersey Nets,100.0,0.5
24,West,2007-02-25,2002,208.0,Amar'e Stoudemire,FC,2007,4,Phoenix Suns,111.0,0.5
25,East,2007-02-11,2003,193.0,Dwyane Wade,SG,2007,3,Miami Heat,100.0,0.5
22,West,2007-02-11,2003,203.0,Carmelo Anthony,F,2007,3,Denver Nuggets,109.0,0.5
25,East,2007-02-04,2003,193.0,Dwyane Wade,SG,2007,3,Miami Heat,100.0,0.5
27,West,2007-02-04,2001,211.0,Mehmet Okur,FC,2007,4,Utah Jazz,113.0,0.5
23,East,2007-01-28,2004,190.0,Ben Gordon,SG,2007,2,Chicago Bulls,91.0,0.5
33,West,2007-01-28,1996,190.0,Steve Nash,G,2007,10,Phoenix Suns,81.0,0.5
26,East,2007-01-21,2002,201.0,Caron Butler,SF,2007,4,Washington Wizards,103.0,0.5
33,West,2007-01-21,1996,190.0,Steve Nash,G,2007,10,Phoenix Suns,81.0,0.5
25,East,2007-01-14,2003,193.0,Dwyane Wade,SG,2007,3,Miami Heat,100.0,0.5
28,West,2007-01-14,1998,213.0,Dirk Nowitzki,PF,2007,8,Dallas Mavericks,111.0,0.5
25,East,2007-01-07,2001,190.0,Gilbert Arenas,G,2007,5,Washington Wizards,87.0,0.5
30,West,2007-01-07,1995,211.0,Kevin Garnett,PF,2007,11,Minnesota Timberwolves,109.0,0.5
27,East,2006-12-31,2000,198.0,Michael Redd,G,2007,6,Milwaukee Bucks,100.0,0.5
26,West,2006-12-31,2003,201.0,Josh Howard,GF,2007,3,Dallas Mavericks,95.0,0.5
24,East,2006-12-24,2003,185.0,Mo Williams,G,2007,3,Milwaukee Bucks,90.0,0.5
26,West,2006-12-24,2003,201.0,Josh Howard,GF,2007,3,Dallas Mavericks,95.0,0.5
25,East,2006-12-17,2001,190.0,Gilbert Arenas,G,2007,5,Washington Wizards,87.0,0.5
25,West,2006-12-17,2002,206.0,Carlos Boozer,PF,2007,4,Utah Jazz,121.0,0.5
25,East,2006-12-10,2001,190.0,Gilbert Arenas,G,2007,5,Washington Wizards,87.0,0.5
33,West,2006-12-10,1996,190.0,Steve Nash,G,2007,10,Phoenix Suns,81.0,0.5
27,East,2006-12-03,2000,198.0,Michael Redd,G,2007,6,Milwaukee Bucks,100.0,0.5
22,West,2006-12-03,2003,203.0,Carmelo Anthony,F,2007,3,Denver Nuggets,109.0,0.5
21,East,2006-11-26,2004,211.0,Dwight Howard,C,2007,2,Orlando Magic,120.0,0.5
22,West,2006-11-26,2003,203.0,Carmelo Anthony,F,2007,3,Denver Nuggets,109.0,0.5
22,East,2006-11-19,2003,203.0,LeBron James,F,2007,3,Cleveland Cavaliers,113.0,0.5
28,West,2006-11-19,1998,213.0,Dirk Nowitzki,PF,2007,8,Dallas Mavericks,111.0,0.5
25,East,2006-11-12,2001,201.0,Joe Johnson,SG,2007,5,Atlanta Hawks,109.0,0.5
26,West,2006-11-12,2002,229.0,Yao Ming,C,2007,4,Houston Rockets,141.0,0.5
31,East,2006-11-06,1996,183.0,Allen Iverson,G,2007,10,Philadelphia Sixers,75.0,0.5
25,West,2006-11-06,2002,206.0,Carlos Boozer,PF,2007,4,Utah Jazz,121.0,0.5
31,East,2008-04-13,1995,211.0,Kevin Garnett,PF,2008,12,Boston Celtics,109.0,0.5
32,West,2008-04-13,1996,183.0,Allen Iverson,G,2008,11,Denver Nuggets,75.0,0.5
26,East,2008-04-06,2001,201.0,Joe Johnson,SG,2008,6,Atlanta Hawks,109.0,0.5
29,West,2008-04-06,1996,198.0,Kobe Bryant,SG,2008,11,Los Angeles Lakers,96.0,0.5
27,East,2008-03-30,2001,198.0,Jason Richardson,GF,2008,6,Charlotte Bobcats,102.0,0.5
23,West,2008-03-30,2003,203.0,Carmelo Anthony,F,2008,4,Denver Nuggets,109.0,0.5
31,East,2008-03-23,1995,211.0,Kevin Garnett,PF,2008,12,Boston Celtics,109.0,0.5
22,West,2008-03-23,2005,183.0,Chris Paul,PG,2008,2,New Orleans Hornets,79.0,0.5
31,East,2008-03-16,1998,206.0,Antawn Jamison,F,2008,9,Washington Wizards,107.0,0.5
25,West,2008-03-16,2002,208.0,Amar'e Stoudemire,FC,2008,5,Phoenix Suns,111.0,0.5
27,East,2008-03-09,2001,198.0,Jason Richardson,GF,2008,6,Charlotte Bobcats,102.0,0.5
28,West,2008-03-09,1997,203.0,Tracy McGrady,GF,2008,10,Houston Rockets,95.0,0.5
31,East,2008-03-02,1999,190.0,Andre Miller,PG,2008,8,Philadelphia Sixers,91.0,0.5
29,West,2008-03-02,1996,198.0,Kobe Bryant,SG,2008,11,Los Angeles Lakers,96.0,0.5
23,East,2008-02-24,2003,203.0,LeBron James,F,2008,4,Cleveland Cavaliers,113.0,0.5
30,West,2008-02-24,1999,198.0,Manu Ginobili,SG,2008,5,San Antonio Spurs,93.0,0.5
31,East,2008-02-10,1999,190.0,Andre Miller,PG,2008,8,Philadelphia Sixers,91.0,0.5
25,West,2008-02-10,2002,208.0,Amar'e Stoudemire,FC,2008,5,Phoenix Suns,111.0,0.5
28,East,2008-02-03,2000,208.0,Hedo Turkoglu,F,2008,7,Orlando Magic,100.0,0.5
31,West,2008-02-03,1998,213.0,Brad Miller,C,2008,9,Sacramento Kings,118.0,0.5
28,East,2008-01-27,2000,208.0,Hedo Turkoglu,F,2008,7,Orlando Magic,100.0,0.5
23,West,2008-01-27,2004,208.0,Al Jefferson,FC,2008,3,Minnesota Timberwolves,131.0,0.5
25,East,2008-01-20,2001,201.0,Gerald Wallace,F,2008,6,Charlotte Bobcats,100.0,0.5
28,West,2008-01-20,1999,190.0,Baron Davis,G,2008,8,Golden State Warriors,98.0,0.5
23,East,2008-01-13,2003,211.0,Chris Bosh,PF,2008,4,Toronto Raptors,107.0,0.5
29,West,2008-01-13,1996,198.0,Kobe Bryant,SG,2008,11,Los Angeles Lakers,96.0,0.5
23,East,2008-01-06,2003,203.0,LeBron James,F,2008,4,Cleveland Cavaliers,113.0,0.5
32,West,2008-01-06,1996,183.0,Allen Iverson,G,2008,11,Denver Nuggets,75.0,0.5
30,East,2007-12-30,1998,201.0,Paul Pierce,SF,2008,9,Boston Celtics,107.0,0.5
22,West,2007-12-30,2005,183.0,Chris Paul,PG,2008,2,New Orleans Hornets,79.0,0.5
26,East,2007-12-23,2001,201.0,Joe Johnson,SG,2008,6,Atlanta Hawks,109.0,0.5
23,West,2007-12-23,2003,203.0,Carmelo Anthony,F,2008,4,Denver Nuggets,109.0,0.5
30,East,2007-12-16,1998,201.0,Paul Pierce,SF,2008,9,Boston Celtics,107.0,0.5
23,West,2007-12-16,2006,198.0,Brandon Roy,G,2008,1,Portland Trail Blazers,96.0,0.5
22,East,2007-12-09,2004,206.0,Josh Smith,PF,2008,3,Atlanta Hawks,102.0,0.5
23,West,2007-12-09,2006,198.0,Brandon Roy,G,2008,1,Portland Trail Blazers,96.0,0.5
22,East,2007-12-02,2004,211.0,Dwight Howard,C,2008,3,Orlando Magic,120.0,0.5
29,West,2007-12-02,1997,203.0,Stephen Jackson,GF,2008,10,Golden State Warriors,100.0,0.5
23,East,2007-11-25,2003,203.0,LeBron James,F,2008,4,Cleveland Cavaliers,113.0,0.5
25,West,2007-11-25,2001,188.0,Tony Parker,G,2008,6,San Antonio Spurs,84.0,0.5
22,East,2007-11-18,2004,211.0,Dwight Howard,C,2008,3,Orlando Magic,120.0,0.5
32,West,2007-11-18,1996,183.0,Allen Iverson,G,2008,11,Denver Nuggets,75.0,0.5
31,East,2007-11-11,1995,211.0,Kevin Garnett,PF,2008,12,Boston Celtics,109.0,0.5
27,West,2007-11-11,2002,229.0,Yao Ming,C,2008,5,Houston Rockets,141.0,0.5
24,East,2007-11-04,2005,206.0,Danny Granger,GF,2008,2,Indiana Pacers,101.0,0.5
28,West,2007-11-04,1997,203.0,Tracy McGrady,GF,2008,10,Houston Rockets,95.0,0.5
25,East,2009-04-13,2004,190.0,Ben Gordon,SG,2009,4,Chicago Bulls,91.0,0.5
24,West,2009-04-13,2006,198.0,Brandon Roy,G,2009,2,Portland Trail Blazers,96.0,0.5
23,East,2009-04-06,2004,211.0,Dwight Howard,C,2009,4,Orlando Magic,120.0,0.5
35,West,2009-04-06,1994,193.0,Jason Kidd,PG,2009,14,Dallas Mavericks,95.0,0.5
23,East,2009-03-30,2004,211.0,Dwight Howard,C,2009,4,Orlando Magic,120.0,0.5
26,West,2009-03-30,2001,188.0,Tony Parker,G,2009,7,San Antonio Spurs,84.0,0.5
24,East,2009-03-23,2003,203.0,LeBron James,F,2009,5,Cleveland Cavaliers,113.0,0.5
23,West,2009-03-23,2005,183.0,Chris Paul,PG,2009,3,New Orleans Hornets,79.0,0.5
24,East,2009-03-16,2003,203.0,LeBron James,F,2009,5,Cleveland Cavaliers,113.0,0.5
30,West,2009-03-16,1996,198.0,Kobe Bryant,SG,2009,12,Los Angeles Lakers,96.0,0.5
27,East,2009-03-09,2003,193.0,Dwyane Wade,SG,2009,5,Miami Heat,100.0,0.5
24,West,2009-03-09,2005,190.0,Deron Williams,PG,2009,3,Utah Jazz,91.0,0.5
26,East,2009-03-02,2004,190.0,Devin Harris,G,2009,4,New Jersey Nets,84.0,0.5
28,West,2009-03-02,2003,206.0,David West,PF,2009,5,New Orleans Hornets,113.0,0.5
23,East,2009-02-23,2004,211.0,Dwight Howard,C,2009,4,Orlando Magic,120.0,0.5
28,West,2009-02-23,2001,213.0,Pau Gasol,FC,2009,7,Los Angeles Lakers,113.0,0.5
24,East,2009-02-09,2003,203.0,LeBron James,F,2009,5,Cleveland Cavaliers,113.0,0.5
28,West,2009-02-09,2001,213.0,Pau Gasol,FC,2009,7,Los Angeles Lakers,113.0,0.5
25,East,2009-02-02,2005,206.0,David Lee,FC,2009,3,New York Knicks,111.0,0.5
26,West,2009-02-02,2001,188.0,Tony Parker,G,2009,7,San Antonio Spurs,84.0,0.5
24,East,2009-01-26,2003,203.0,LeBron James,F,2009,5,Cleveland Cavaliers,113.0,0.5
21,West,2009-01-26,2005,213.0,Andrew Bynum,C,2009,3,Los Angeles Lakers,129.0,0.5
27,East,2009-01-19,2004,183.0,Jameer Nelson,G,2009,4,Orlando Magic,86.0,0.5
23,West,2009-01-19,2005,183.0,Chris Paul,PG,2009,3,New Orleans Hornets,79.0,0.5
23,East,2009-01-12,2004,211.0,Dwight Howard,C,2009,4,Orlando Magic,120.0,0.5
30,West,2009-01-12,1996,198.0,Kobe Bryant,SG,2009,12,Los Angeles Lakers,96.0,0.5
22,East,2009-01-05,2007,196.0,Rodney Stuckey,G,2009,1,Detroit Pistons,93.0,0.5
24,West,2009-01-05,2004,208.0,Al Jefferson,FC,2009,4,Minnesota Timberwolves,131.0,0.5
24,East,2008-12-29,2003,203.0,LeBron James,F,2009,5,Cleveland Cavaliers,113.0,0.5
30,West,2008-12-29,1996,198.0,Kobe Bryant,SG,2009,12,Los Angeles Lakers,96.0,0.5
27,East,2008-12-22,2004,183.0,Jameer Nelson,G,2009,4,Orlando Magic,86.0,0.5
23,West,2008-12-22,2005,183.0,Chris Paul,PG,2009,3,New Orleans Hornets,79.0,0.5
29,East,2008-12-15,1998,206.0,Al Harrington,F,2009,10,New York Knicks,111.0,0.5
32,West,2008-12-15,1997,211.0,Tim Duncan,FC,2009,11,San Antonio Spurs,113.0,0.5
27,East,2008-12-08,2003,193.0,Dwyane Wade,SG,2009,5,Miami Heat,100.0,0.5
30,West,2008-12-08,1998,213.0,Dirk Nowitzki,PF,2009,10,Dallas Mavericks,111.0,0.5
26,East,2008-12-01,2004,190.0,Devin Harris,G,2009,4,New Jersey Nets,84.0,0.5
24,West,2008-12-01,2006,198.0,Brandon Roy,G,2009,2,Portland Trail Blazers,96.0,0.5
27,East,2008-11-24,2003,193.0,Dwyane Wade,SG,2009,5,Miami Heat,100.0,0.5
30,West,2008-11-24,1998,213.0,Dirk Nowitzki,PF,2009,10,Dallas Mavericks,111.0,0.5
24,East,2008-11-17,2003,203.0,LeBron James,F,2009,5,Cleveland Cavaliers,113.0,0.5
32,West,2008-11-17,1997,190.0,Chauncey Billups,G,2009,11,Denver Nuggets,95.0,0.5
24,East,2008-11-10,2003,203.0,LeBron James,F,2009,5,Cleveland Cavaliers,113.0,0.5
26,West,2008-11-10,2002,208.0,Amar'e Stoudemire,FC,2009,6,Phoenix Suns,111.0,0.5
24,East,2008-11-03,2003,211.0,Chris Bosh,PF,2009,5,Toronto Raptors,107.0,0.5
23,West,2008-11-03,2005,183.0,Chris Paul,PG,2009,3,New Orleans Hornets,79.0,0.5
24,East,2010-04-12,2004,211.0,Dwight Howard,C,2010,5,Orlando Magic,120.0,0.5
31,West,2010-04-12,1998,213.0,Dirk Nowitzki,PF,2010,11,Dallas Mavericks,111.0,0.5
25,East,2010-04-05,2003,211.0,Chris Bosh,PF,2010,6,Toronto Raptors,107.0,0.5
21,West,2010-04-05,2007,206.0,Kevin Durant,SF,2010,2,Oklahoma City Thunder,109.0,0.5
28,East,2010-03-29,2003,193.0,Dwyane Wade,SG,2010,6,Miami Heat,100.0,0.5
32,West,2010-03-29,1999,198.0,Manu Ginobili,SG,2010,7,San Antonio Spurs,93.0,0.5
32,East,2010-03-22,1998,201.0,Paul Pierce,SF,2010,11,Boston Celtics,107.0,0.5
29,West,2010-03-22,2001,213.0,Pau Gasol,FC,2010,8,Los Angeles Lakers,113.0,0.5
25,East,2010-03-15,2005,213.0,Andrew Bogut,C,2010,4,Milwaukee Bucks,118.0,0.5
25,West,2010-03-15,2006,198.0,Brandon Roy,G,2010,3,Portland Trail Blazers,96.0,0.5
28,East,2010-03-08,2003,193.0,Dwyane Wade,SG,2010,6,Miami Heat,100.0,0.5
31,West,2010-03-08,1998,213.0,Dirk Nowitzki,PF,2010,11,Dallas Mavericks,111.0,0.5
25,East,2010-03-01,2003,203.0,LeBron James,F,2010,6,Cleveland Cavaliers,113.0,0.5
31,West,2010-03-01,1998,213.0,Dirk Nowitzki,PF,2010,11,Dallas Mavericks,111.0,0.5
24,East,2010-02-22,2004,211.0,Dwight Howard,C,2010,5,Orlando Magic,120.0,0.5
28,West,2010-02-22,2002,206.0,Carlos Boozer,PF,2010,7,Utah Jazz,121.0,0.5
25,East,2010-02-08,2003,203.0,LeBron James,F,2010,6,Cleveland Cavaliers,113.0,0.5
21,West,2010-02-08,2008,190.0,Russell Westbrook,G,2010,1,Oklahoma City Thunder,91.0,0.5
25,East,2010-02-01,2003,211.0,Chris Bosh,PF,2010,6,Toronto Raptors,107.0,0.5
21,West,2010-02-01,2007,206.0,Kevin Durant,SF,2010,2,Oklahoma City Thunder,109.0,0.5
25,East,2010-01-25,2003,203.0,LeBron James,F,2010,6,Cleveland Cavaliers,113.0,0.5
33,West,2010-01-25,1997,190.0,Chauncey Billups,G,2010,12,Denver Nuggets,95.0,0.5
31,East,2010-01-19,1997,203.0,Stephen Jackson,GF,2010,12,Charlotte Bobcats,100.0,0.5
25,West,2010-01-19,2003,203.0,Carmelo Anthony,F,2010,6,Denver Nuggets,109.0,0.5
25,East,2010-01-11,2003,203.0,LeBron James,F,2010,6,Cleveland Cavaliers,113.0,0.5
27,East,2010-01-11,2003,213.0,Chris Kaman,C,2010,6,Los Angeles Clippers,120.0,0.5
21,East,2010-01-04,2008,190.0,Derrick Rose,PG,2010,1,Chicago Bulls,86.0,0.5
21,West,2010-01-04,2007,206.0,Kevin Durant,SF,2010,2,Oklahoma City Thunder,109.0,0.5
25,East,2009-12-28,2003,203.0,LeBron James,F,2010,6,Cleveland Cavaliers,113.0,0.5
31,West,2009-12-28,1996,198.0,Kobe Bryant,SG,2010,13,Los Angeles Lakers,96.0,0.5
24,East,2009-12-21,2004,211.0,Dwight Howard,C,2010,5,Orlando Magic,120.0,0.5
31,West,2009-12-21,1996,198.0,Kobe Bryant,SG,2010,13,Los Angeles Lakers,96.0,0.5
23,East,2009-12-14,2007,196.0,Rodney Stuckey,G,2010,2,Detroit Pistons,93.0,0.5
25,West,2009-12-14,2005,190.0,Deron Williams,PG,2010,4,Utah Jazz,91.0,0.5
33,East,2009-12-07,1995,211.0,Kevin Garnett,PF,2010,14,Boston Celtics,109.0,0.5
28,West,2009-12-07,2002,206.0,Carlos Boozer,PF,2010,7,Utah Jazz,121.0,0.5
27,East,2009-11-30,2001,201.0,Gerald Wallace,F,2010,8,Charlotte Bobcats,100.0,0.5
33,West,2009-11-30,1997,211.0,Tim Duncan,FC,2010,12,San Antonio Spurs,113.0,0.5
25,East,2009-11-23,2003,203.0,LeBron James,F,2010,6,Cleveland Cavaliers,113.0,0.5
31,West,2009-11-23,1996,198.0,Kobe Bryant,SG,2010,13,Los Angeles Lakers,96.0,0.5
20,East,2009-11-16,2009,185.0,Brandon Jennings,G,2010,0,Milwaukee Bucks,77.0,0.5
31,West,2009-11-16,1998,213.0,Dirk Nowitzki,PF,2010,11,Dallas Mavericks,111.0,0.5
28,East,2009-11-09,2001,201.0,Joe Johnson,SG,2010,8,Atlanta Hawks,109.0,0.5
27,West,2009-11-09,2003,213.0,Chris Kaman,C,2010,6,Los Angeles Clippers,120.0,0.5
24,East,2009-11-02,2004,211.0,Dwight Howard,C,2010,5,Orlando Magic,120.0,0.5
25,West,2009-11-02,2003,203.0,Carmelo Anthony,F,2010,6,Denver Nuggets,109.0,0.5
26,East,2011-04-11,2003,203.0,Carmelo Anthony,F,2011,7,New York Knicks,109.0,0.5
22,West,2011-04-11,2007,206.0,Kevin Durant,SF,2011,3,Oklahoma City Thunder,109.0,0.5
26,East,2011-04-04,2003,203.0,Carmelo Anthony,F,2011,7,New York Knicks,109.0,0.5
29,West,2011-04-04,2001,206.0,Zach Randolph,PF,2011,9,Memphis Grizzlies,118.0,0.5
25,East,2011-03-28,2004,211.0,Dwight Howard,C,2011,6,Orlando Magic,120.0,0.5
32,West,2011-03-28,1996,198.0,Kobe Bryant,SG,2011,14,Los Angeles Lakers,96.0,0.5
26,East,2011-03-21,2003,203.0,LeBron James,F,2011,7,Miami Heat,113.0,0.5
24,West,2011-03-21,2006,185.0,Kyle Lowry,PG,2011,4,Houston Rockets,89.0,0.5
29,East,2011-03-14,2003,193.0,Dwyane Wade,SG,2011,7,Miami Heat,100.0,0.5
28,West,2011-03-14,2001,188.0,Tony Parker,G,2011,9,San Antonio Spurs,84.0,0.5
33,East,2011-03-07,1998,201.0,Paul Pierce,SF,2011,12,Boston Celtics,107.0,0.5
22,West,2011-03-07,2008,190.0,Russell Westbrook,G,2011,2,Oklahoma City Thunder,91.0,0.5
25,East,2011-02-28,2004,211.0,Dwight Howard,C,2011,6,Orlando Magic,120.0,0.5
28,West,2011-02-28,2004,201.0,Kevin Martin,SG,2011,6,Houston Rockets,90.0,0.5
25,East,2011-02-14,2004,211.0,Dwight Howard,C,2011,6,Orlando Magic,120.0,0.5
25,West,2011-02-14,2006,211.0,LaMarcus Aldridge,FC,2011,4,Portland Trail Blazers,118.0,0.5
26,East,2011-02-07,2003,203.0,LeBron James,F,2011,7,Miami Heat,113.0,0.5
22,West,2011-02-07,2007,206.0,Kevin Durant,SF,2011,3,Oklahoma City Thunder,109.0,0.5
26,East,2011-01-31,2003,203.0,LeBron James,F,2011,7,Miami Heat,113.0,0.5
29,West,2011-01-31,2001,206.0,Zach Randolph,PF,2011,9,Memphis Grizzlies,118.0,0.5
25,East,2011-01-24,2004,211.0,Dwight Howard,C,2011,6,Orlando Magic,120.0,0.5
25,West,2011-01-24,2006,211.0,LaMarcus Aldridge,FC,2011,4,Portland Trail Blazers,118.0,0.5
22,East,2011-01-18,2008,190.0,Derrick Rose,PG,2011,2,Chicago Bulls,86.0,0.5
22,West,2011-01-18,2008,190.0,Russell Westbrook,G,2011,2,Oklahoma City Thunder,91.0,0.5
26,East,2011-01-10,2003,203.0,LeBron James,F,2011,7,Miami Heat,113.0,0.5
29,West,2011-01-10,2001,206.0,Zach Randolph,PF,2011,9,Memphis Grizzlies,118.0,0.5
29,East,2011-01-03,2003,193.0,Dwyane Wade,SG,2011,7,Miami Heat,100.0,0.5
34,West,2011-01-03,1997,190.0,Chauncey Billups,G,2011,13,Denver Nuggets,95.0,0.5
26,East,2010-12-27,2003,203.0,LeBron James,F,2011,7,Miami Heat,113.0,0.5
25,West,2010-12-27,2005,190.0,Monta Ellis,G,2011,5,Golden State Warriors,84.0,0.5
33,East,2010-12-20,1998,201.0,Paul Pierce,SF,2011,12,Boston Celtics,107.0,0.5
28,West,2010-12-20,2001,188.0,Tony Parker,G,2011,9,San Antonio Spurs,84.0,0.5
29,East,2010-12-13,2003,193.0,Dwyane Wade,SG,2011,7,Miami Heat,100.0,0.5
32,West,2010-12-13,1998,213.0,Dirk Nowitzki,PF,2011,12,Dallas Mavericks,111.0,0.5
28,East,2010-12-06,2002,208.0,Amar'e Stoudemire,FC,2011,8,New York Knicks,111.0,0.5
22,West,2010-12-06,2008,190.0,Russell Westbrook,G,2011,2,Oklahoma City Thunder,91.0,0.5
25,East,2010-11-29,2004,211.0,Dwight Howard,C,2011,6,Orlando Magic,120.0,0.5
32,West,2010-11-29,1998,213.0,Dirk Nowitzki,PF,2011,12,Dallas Mavericks,111.0,0.5
28,East,2010-11-22,2002,208.0,Amar'e Stoudemire,FC,2011,8,New York Knicks,111.0,0.5
22,West,2010-11-22,2008,190.0,Russell Westbrook,G,2011,2,Oklahoma City Thunder,91.0,0.5
22,East,2010-11-15,2008,190.0,Derrick Rose,PG,2011,2,Chicago Bulls,86.0,0.5
26,West,2010-11-15,2005,190.0,Deron Williams,PG,2011,5,Utah Jazz,91.0,0.5
25,East,2010-11-08,2004,211.0,Dwight Howard,C,2011,6,Orlando Magic,120.0,0.5
25,West,2010-11-08,2005,183.0,Chris Paul,PG,2011,5,New Orleans Hornets,79.0,0.5
25,East,2010-11-01,2006,185.0,Rajon Rondo,PG,2011,4,Boston Celtics,84.0,0.5
30,West,2010-11-01,2001,213.0,Pau Gasol,FC,2011,9,Los Angeles Lakers,113.0,0.5
27,East,2012-04-23,2003,203.0,LeBron James,F,2012,8,Miami Heat,113.0,0.5
27,West,2012-04-23,2004,208.0,Al Jefferson,FC,2012,7,Utah Jazz,131.0,0.5
35,East,2012-04-16,1995,211.0,Kevin Garnett,PF,2012,16,Boston Celtics,109.0,0.5
24,West,2012-04-16,2005,213.0,Andrew Bynum,C,2012,6,Los Angeles Lakers,129.0,0.5
27,East,2012-04-09,2003,203.0,LeBron James,F,2012,8,Miami Heat,113.0,0.5
25,West,2012-04-09,2008,190.0,Goran Dragic,G,2012,3,Houston Rockets,86.0,0.5
34,East,2012-04-02,1998,201.0,Paul Pierce,SF,2012,13,Boston Celtics,107.0,0.5
26,West,2012-04-02,2005,183.0,Chris Paul,PG,2012,6,Los Angeles Clippers,79.0,0.5
30,East,2012-03-26,2001,201.0,Joe Johnson,SG,2012,10,Atlanta Hawks,109.0,0.5
23,West,2012-03-26,2007,206.0,Kevin Durant,SF,2012,4,Oklahoma City Thunder,109.0,0.5
30,East,2012-03-19,2002,208.0,Drew Gooden,FC,2012,9,Milwaukee Bucks,113.0,0.5
24,West,2012-03-19,2005,213.0,Andrew Bynum,C,2012,6,Los Angeles Lakers,129.0,0.5
24,East,2012-03-12,2005,208.0,Ersan Ilyasova,F,2012,4,Milwaukee Bucks,107.0,0.5
26,West,2012-03-12,2005,190.0,Monta Ellis,G,2012,6,Golden State Warriors,84.0,0.5
23,East,2012-03-05,2008,190.0,Derrick Rose,PG,2012,3,Chicago Bulls,86.0,0.5
24,West,2012-03-05,2009,180.0,Ty Lawson,PG,2012,2,Denver Nuggets,88.0,0.5
27,East,2012-02-20,2003,203.0,LeBron James,F,2012,8,Miami Heat,113.0,0.5
23,West,2012-02-20,2007,206.0,Kevin Durant,SF,2012,4,Oklahoma City Thunder,109.0,0.5
23,East,2012-02-13,2010,190.0,Jeremy Lin,G,2012,1,New York Knicks,91.0,0.5
23,West,2012-02-13,2008,190.0,Russell Westbrook,G,2012,3,Oklahoma City Thunder,91.0,0.5
34,East,2012-02-06,1998,201.0,Paul Pierce,SF,2012,13,Boston Celtics,107.0,0.5
29,West,2012-02-06,2001,188.0,Tony Parker,G,2012,10,San Antonio Spurs,84.0,0.5
27,East,2012-01-30,2003,203.0,LeBron James,F,2012,8,Miami Heat,113.0,0.5
23,West,2012-01-30,2008,190.0,Russell Westbrook,G,2012,3,Oklahoma City Thunder,91.0,0.5
26,East,2012-01-23,2004,211.0,Dwight Howard,C,2012,7,Orlando Magic,120.0,0.5
27,West,2012-01-23,2007,216.0,Marc Gasol,C,2012,3,Memphis Grizzlies,116.0,0.5
23,East,2012-01-16,2008,190.0,Derrick Rose,PG,2012,3,Chicago Bulls,86.0,0.5
33,West,2012-01-16,1996,198.0,Kobe Bryant,SG,2012,15,Los Angeles Lakers,96.0,0.5
27,East,2012-01-09,2003,203.0,LeBron James,F,2012,8,Miami Heat,113.0,0.5
33,West,2012-01-09,1996,198.0,Kobe Bryant,SG,2012,15,Los Angeles Lakers,96.0,0.5
27,East,2012-01-03,2003,203.0,LeBron James,F,2012,8,Miami Heat,113.0,0.5
23,West,2012-01-03,2007,206.0,Kevin Durant,SF,2012,4,Oklahoma City Thunder,109.0,0.5
28,East,2013-04-15,2003,203.0,Carmelo Anthony,F,2013,9,New York Knicks,109.0,0.5
34,West,2013-04-15,1996,198.0,Kobe Bryant,SG,2013,16,Los Angeles Lakers,96.0,0.5
28,East,2013-04-08,2003,203.0,Carmelo Anthony,F,2013,9,New York Knicks,109.0,0.5
27,West,2013-04-08,2008,211.0,Nikola Pekovic,PF,2013,2,Minnesota Timberwolves,139.0,0.5
27,East,2013-04-01,2004,198.0,J.R. Smith,SG,2013,8,New York Knicks,102.0,0.5
28,West,2013-04-01,2004,208.0,Al Jefferson,FC,2013,8,Utah Jazz,131.0,0.5
28,East,2013-03-25,2003,203.0,LeBron James,F,2013,9,Miami Heat,113.0,0.5
23,West,2013-03-25,2009,196.0,James Harden,SG,2013,3,Houston Rockets,100.0,0.5
22,East,2013-03-18,2010,193.0,John Wall,PG,2013,2,Washington Wizards,95.0,0.5
27,West,2013-03-18,2006,211.0,LaMarcus Aldridge,FC,2013,6,Portland Trail Blazers,118.0,0.5
31,East,2013-03-11,2003,193.0,Dwyane Wade,SG,2013,9,Miami Heat,100.0,0.5
34,West,2013-03-11,1996,198.0,Kobe Bryant,SG,2013,16,Los Angeles Lakers,96.0,0.5
27,East,2013-03-04,2005,190.0,Monta Ellis,G,2013,7,Milwaukee Bucks,84.0,0.5
25,West,2013-03-04,2009,180.0,Ty Lawson,PG,2013,3,Denver Nuggets,88.0,0.5
28,East,2013-02-25,2003,203.0,LeBron James,F,2013,9,Miami Heat,113.0,0.5
34,West,2013-02-25,1996,198.0,Kobe Bryant,SG,2013,16,Los Angeles Lakers,96.0,0.5
28,East,2013-02-11,2003,203.0,LeBron James,F,2013,9,Miami Heat,113.0,0.5
24,West,2013-02-11,2008,190.0,Russell Westbrook,G,2013,4,Oklahoma City Thunder,91.0,0.5
28,East,2013-02-04,2005,175.0,Nate Robinson,G,2013,7,Chicago Bulls,82.0,0.5
29,West,2013-02-04,2005,206.0,David Lee,FC,2013,7,Golden State Warriors,111.0,0.5
20,East,2013-01-28,2011,190.0,Kyrie Irving,G,2013,1,Cleveland Cavaliers,88.0,0.5
30,West,2013-01-28,2001,188.0,Tony Parker,G,2013,11,San Antonio Spurs,84.0,0.5
31,East,2013-01-21,2002,206.0,Carlos Boozer,PF,2013,10,Chicago Bulls,121.0,0.5
24,West,2013-01-21,2007,206.0,Kevin Durant,SF,2013,5,Oklahoma City Thunder,109.0,0.5
23,East,2013-01-14,2009,185.0,Brandon Jennings,G,2013,3,Milwaukee Bucks,77.0,0.5
24,West,2013-01-14,2007,206.0,Kevin Durant,SF,2013,5,Oklahoma City Thunder,109.0,0.5
28,East,2013-01-07,2003,203.0,Carmelo Anthony,F,2013,9,New York Knicks,109.0,0.5
23,West,2013-01-07,2009,196.0,James Harden,SG,2013,3,Houston Rockets,100.0,0.5
27,East,2012-12-31,2005,190.0,Monta Ellis,G,2013,7,Milwaukee Bucks,84.0,0.5
26,West,2012-12-31,2010,198.0,Greivis Vasquez,G,2013,2,New Orleans Hornets,98.0,0.5
28,East,2012-12-24,2003,203.0,LeBron James,F,2013,9,Miami Heat,113.0,0.5
27,West,2012-12-24,2005,183.0,Chris Paul,PG,2013,7,Los Angeles Clippers,79.0,0.5
22,East,2012-12-17,2010,206.0,Paul George,GF,2013,2,Indiana Pacers,100.0,0.5
29,West,2012-12-17,2005,206.0,David Lee,FC,2013,7,Golden State Warriors,111.0,0.5
27,East,2012-12-10,2004,206.0,Josh Smith,PF,2013,8,Atlanta Hawks,102.0,0.5
23,West,2012-12-10,2009,208.0,Blake Griffin,PF,2013,3,Los Angeles Clippers,114.0,0.5
28,East,2012-12-03,2003,203.0,Carmelo Anthony,F,2013,9,New York Knicks,109.0,0.5
24,West,2012-12-03,2007,206.0,Kevin Durant,SF,2013,5,Oklahoma City Thunder,109.0,0.5
26,East,2012-11-26,2007,208.0,Al Horford,FC,2013,5,Atlanta Hawks,111.0,0.5
36,West,2012-11-26,1997,211.0,Tim Duncan,FC,2013,15,San Antonio Spurs,113.0,0.5
28,East,2012-11-19,2003,203.0,LeBron James,F,2013,9,Miami Heat,113.0,0.5
24,West,2012-11-19,2007,206.0,Kevin Durant,SF,2013,5,Oklahoma City Thunder,109.0,0.5
28,East,2012-11-12,2003,203.0,LeBron James,F,2013,9,Miami Heat,113.0,0.5
23,West,2012-11-12,2011,203.0,Kenneth Faried,F,2013,1,Denver Nuggets,103.0,0.5
23,East,2012-11-05,2009,185.0,Brandon Jennings,G,2013,3,Milwaukee Bucks,77.0,0.5
23,West,2012-11-05,2009,196.0,James Harden,SG,2013,3,Houston Rockets,100.0,0.5
25,East,2014-04-14,2009,188.0,Jeff Teague,PG,2014,4,Atlanta Hawks,84.0,0.5
28,West,2014-04-14,2005,190.0,Monta Ellis,G,2014,8,Dallas Mavericks,84.0,0.5
29,East,2014-04-07,2004,208.0,Al Jefferson,FC,2014,9,Charlotte Bobcats,131.0,0.5
35,West,2014-04-07,1998,213.0,Dirk Nowitzki,PF,2014,15,Dallas Mavericks,111.0,0.5
23,East,2014-03-31,2011,213.0,Nikola Vucevic,PF,2014,2,Orlando Magic,118.0,0.5
37,West,2014-03-31,1997,211.0,Tim Duncan,FC,2014,16,San Antonio Spurs,113.0,0.5
32,East,2014-03-24,2001,201.0,Joe Johnson,SG,2014,12,Brooklyn Nets,109.0,0.5
25,West,2014-03-24,2007,206.0,Kevin Durant,SF,2014,6,Oklahoma City Thunder,109.0,0.5
29,East,2014-03-17,2004,208.0,Al Jefferson,FC,2014,9,Charlotte Bobcats,131.0,0.5
24,West,2014-03-17,2009,208.0,Blake Griffin,PF,2014,4,Los Angeles Clippers,114.0,0.5
29,East,2014-03-10,2003,203.0,Carmelo Anthony,F,2014,10,New York Knicks,109.0,0.5
24,West,2014-03-10,2009,196.0,James Harden,SG,2014,4,Houston Rockets,100.0,0.5
23,East,2014-03-03,2010,193.0,John Wall,PG,2014,3,Washington Wizards,95.0,0.5
24,West,2014-03-03,2009,196.0,James Harden,SG,2014,4,Houston Rockets,100.0,0.5
23,East,2014-02-24,2011,185.0,Kemba Walker,G,2014,2,Charlotte Bobcats,83.0,0.5
25,West,2014-02-24,2008,208.0,Kevin Love,FC,2014,5,Minnesota Timberwolves,114.0,0.5
21,East,2014-02-10,2012,206.0,Jared Sullinger,C,2014,1,Boston Celtics,118.0,0.5
25,West,2014-02-10,2007,206.0,Kevin Durant,SF,2014,6,Oklahoma City Thunder,109.0,0.5
27,East,2014-02-03,2006,185.0,Kyle Lowry,PG,2014,7,Toronto Raptors,89.0,0.5
27,West,2014-02-03,2008,190.0,Goran Dragic,G,2014,5,Phoenix Suns,86.0,0.5
29,East,2014-01-27,2006,203.0,Paul Millsap,FC,2014,7,Atlanta Hawks,112.0,0.5
25,West,2014-01-27,2007,206.0,Kevin Durant,SF,2014,6,Oklahoma City Thunder,109.0,0.5
23,East,2014-01-20,2010,206.0,Paul George,GF,2014,3,Indiana Pacers,100.0,0.5
25,West,2014-01-20,2007,206.0,Kevin Durant,SF,2014,6,Oklahoma City Thunder,109.0,0.5
29,East,2014-01-13,2003,203.0,Carmelo Anthony,F,2014,10,New York Knicks,109.0,0.5
23,West,2014-01-13,2010,211.0,DeMarcus Cousins,C,2014,3,Sacramento Kings,122.0,0.5
25,East,2014-01-06,2007,203.0,Thaddeus Young,F,2014,6,Philadelphia Sixers,100.0,0.5
30,West,2014-01-06,2005,206.0,David Lee,FC,2014,8,Golden State Warriors,111.0,0.5
29,East,2013-12-30,2003,211.0,Chris Bosh,PF,2014,10,Miami Heat,107.0,0.5
25,West,2013-12-30,2007,206.0,Kevin Durant,SF,2014,6,Oklahoma City Thunder,109.0,0.5
32,East,2013-12-23,2003,193.0,Dwyane Wade,SG,2014,10,Miami Heat,100.0,0.5
24,West,2013-12-23,2009,208.0,Blake Griffin,PF,2014,4,Los Angeles Clippers,114.0,0.5
21,East,2013-12-16,2011,190.0,Kyrie Irving,G,2014,2,Cleveland Cavaliers,88.0,0.5
28,West,2013-12-16,2006,211.0,LaMarcus Aldridge,FC,2014,7,Portland Trail Blazers,118.0,0.5
25,East,2013-12-09,2010,196.0,Jordan Crawford,G,2014,3,Boston Celtics,88.0,0.5
28,West,2013-12-09,2006,211.0,LaMarcus Aldridge,FC,2014,7,Portland Trail Blazers,118.0,0.5
29,East,2013-12-02,2003,203.0,LeBron James,F,2014,10,Miami Heat,113.0,0.5
25,West,2013-12-02,2007,206.0,Kevin Durant,SF,2014,6,Oklahoma City Thunder,109.0,0.5
23,East,2013-11-25,2010,193.0,John Wall,PG,2014,3,Washington Wizards,95.0,0.5
28,West,2013-11-25,2006,211.0,LaMarcus Aldridge,FC,2014,7,Portland Trail Blazers,118.0,0.5
29,East,2013-11-18,2003,203.0,LeBron James,F,2014,10,Miami Heat,113.0,0.5
24,West,2013-11-18,2009,208.0,Blake Griffin,PF,2014,4,Los Angeles Clippers,114.0,0.5
23,East,2013-11-11,2010,206.0,Paul George,GF,2014,3,Indiana Pacers,100.0,0.5
24,West,2013-11-11,2011,208.0,Markieff Morris,PF,2014,2,Phoenix Suns,111.0,0.5
22,East,2013-11-04,2013,198.0,Michael Carter-Williams,PG,2014,0,Philadelphia Sixers,86.0,0.5
25,West,2013-11-04,2008,208.0,Kevin Love,FC,2014,5,Minnesota Timberwolves,114.0,0.5
26,East,2015-04-13,2011,175.0,Isaiah Thomas,PG,2015,3,Boston Celtics,84.0,0.5
38,West,2015-04-13,1997,211.0,Tim Duncan,FC,2015,17,San Antonio Spurs,113.0,0.5
26,East,2015-04-06,2008,213.0,Brook Lopez,C,2015,6,Brooklyn Nets,122.0,0.5
25,West,2015-04-06,2009,196.0,James Harden,SG,2015,5,Houston Rockets,100.0,0.5
26,East,2015-03-30,2008,213.0,Brook Lopez,C,2015,6,Brooklyn Nets,122.0,0.5
26,West,2015-03-30,2009,190.0,Stephen Curry,G,2015,5,Golden State Warriors,86.0,0.5
33,East,2015-03-23,2003,193.0,Dwyane Wade,SG,2015,11,Miami Heat,100.0,0.5
29,West,2015-03-23,2005,183.0,Chris Paul,PG,2015,9,Los Angeles Clippers,79.0,0.5
22,East,2015-03-16,2011,190.0,Kyrie Irving,G,2015,3,Cleveland Cavaliers,88.0,0.5
21,West,2015-03-16,2012,208.0,Anthony Davis,PF,2015,2,New Orleans Pelicans,115.0,0.5
32,East,2015-03-09,2003,185.0,Mo Williams,G,2015,11,Charlotte Hornets,90.0,0.5
26,West,2015-03-09,2008,190.0,Russell Westbrook,G,2015,6,Oklahoma City Thunder,91.0,0.5
26,East,2015-03-02,2011,175.0,Isaiah Thomas,PG,2015,3,Boston Celtics,84.0,0.5
24,West,2015-03-02,2012,190.0,Damian Lillard,G,2015,2,Portland Trail Blazers,88.0,0.5
20,East,2015-02-09,2013,211.0,Giannis Antetokounmpo,F,2015,1,Milwaukee Bucks,101.0,0.5
26,West,2015-02-09,2008,190.0,Russell Westbrook,G,2015,6,Oklahoma City Thunder,91.0,0.5
22,East,2015-02-02,2011,190.0,Kyrie Irving,G,2015,3,Cleveland Cavaliers,88.0,0.5
33,West,2015-02-02,2001,206.0,Zach Randolph,PF,2015,13,Memphis Grizzlies,118.0,0.5
30,East,2015-01-26,2003,203.0,LeBron James,F,2015,11,Cleveland Cavaliers,113.0,0.5
25,West,2015-01-26,2011,201.0,Klay Thompson,G,2015,3,Golden State Warriors,98.0,0.5
28,East,2015-01-19,2007,208.0,Al Horford,FC,2015,7,Atlanta Hawks,111.0,0.5
32,West,2015-01-19,2003,185.0,Mo Williams,G,2015,11,Minnesota Timberwolves,90.0,0.5
24,East,2015-01-12,2011,185.0,Kemba Walker,G,2015,3,Charlotte Hornets,83.0,0.5
25,West,2015-01-12,2011,201.0,Klay Thompson,G,2015,3,Golden State Warriors,98.0,0.5
26,East,2015-01-05,2009,188.0,Jeff Teague,PG,2015,5,Atlanta Hawks,84.0,0.5
26,West,2015-01-05,2007,206.0,Kevin Durant,SF,2015,7,Oklahoma City Thunder,109.0,0.5
25,East,2014-12-29,2011,201.0,Jimmy Butler,GF,2015,3,Chicago Bulls,105.0,0.5
25,West,2014-12-29,2009,196.0,James Harden,SG,2015,5,Houston Rockets,100.0,0.5
28,East,2014-12-22,2007,208.0,Al Horford,FC,2015,7,Atlanta Hawks,111.0,0.5
29,West,2014-12-22,2006,211.0,LaMarcus Aldridge,FC,2015,8,Portland Trail Blazers,118.0,0.5
24,East,2014-12-15,2010,193.0,John Wall,PG,2015,4,Washington Wizards,95.0,0.5
25,West,2014-12-15,2009,196.0,James Harden,SG,2015,5,Houston Rockets,100.0,0.5
28,East,2014-12-08,2006,185.0,Kyle Lowry,PG,2015,8,Toronto Raptors,89.0,0.5
29,West,2014-12-08,2006,211.0,LaMarcus Aldridge,FC,2015,8,Portland Trail Blazers,118.0,0.5
30,East,2014-12-01,2003,203.0,LeBron James,F,2015,11,Cleveland Cavaliers,113.0,0.5
25,West,2014-12-01,2009,208.0,Blake Griffin,PF,2015,5,Los Angeles Clippers,114.0,0.5
28,East,2014-11-24,2005,185.0,Lou Williams,G,2015,9,Toronto Raptors,79.0,0.5
24,West,2014-11-24,2010,211.0,DeMarcus Cousins,C,2015,4,Sacramento Kings,122.0,0.5
30,East,2014-11-17,2003,203.0,LeBron James,F,2015,11,Cleveland Cavaliers,113.0,0.5
24,West,2014-11-17,2012,190.0,Damian Lillard,G,2015,2,Portland Trail Blazers,88.0,0.5
30,East,2014-11-10,2005,190.0,Deron Williams,PG,2015,9,Brooklyn Nets,91.0,0.5
26,West,2014-11-10,2009,190.0,Stephen Curry,G,2015,5,Golden State Warriors,86.0,0.5
30,East,2014-11-03,2003,211.0,Chris Bosh,PF,2015,11,Miami Heat,107.0,0.5
25,West,2014-11-03,2011,201.0,Klay Thompson,G,2015,3,Golden State Warriors,98.0,0.5
31,East,2016-04-11,2006,203.0,Paul Millsap,FC,2016,9,Atlanta Hawks,112.0,0.5
20,West,2016-04-11,2015,213.0,Karl-Anthony Towns,C,2016,0,Minnesota Timberwolves,111.0,0.5
31,East,2016-04-04,2003,203.0,LeBron James,F,2016,12,Cleveland Cavaliers,113.0,0.5
31,West,2016-04-04,2006,183.0,J.J. Barea,G,2016,9,Dallas Mavericks,84.0,0.5
31,East,2016-03-28,2003,203.0,LeBron James,F,2016,12,Cleveland Cavaliers,113.0,0.5
26,West,2016-03-28,2011,201.0,Klay Thompson,G,2016,4,Golden State Warriors,98.0,0.5
29,East,2016-03-21,2006,185.0,Kyle Lowry,PG,2016,9,Toronto Raptors,89.0,0.5
27,West,2016-03-21,2007,206.0,Kevin Durant,SF,2016,8,Oklahoma City Thunder,109.0,0.5
25,East,2016-03-14,2011,185.0,Kemba Walker,G,2016,4,Charlotte Hornets,83.0,0.5
27,West,2016-03-14,2009,190.0,Stephen Curry,G,2016,6,Golden State Warriors,86.0,0.5
31,East,2016-03-07,2003,203.0,LeBron James,F,2016,12,Cleveland Cavaliers,113.0,0.5
24,West,2016-03-07,2011,201.0,Kawhi Leonard,F,2016,4,San Antonio Spurs,104.0,0.5
29,East,2016-02-29,2006,185.0,Kyle Lowry,PG,2016,9,Toronto Raptors,89.0,0.5
27,West,2016-02-29,2009,190.0,Stephen Curry,G,2016,6,Golden State Warriors,86.0,0.5
27,East,2016-02-08,2011,175.0,Isaiah Thomas,PG,2016,4,Boston Celtics,84.0,0.5
30,West,2016-02-08,2006,211.0,LaMarcus Aldridge,FC,2016,9,San Antonio Spurs,118.0,0.5
34,East,2016-02-01,2003,193.0,Dwyane Wade,SG,2016,12,Miami Heat,100.0,0.5
27,West,2016-02-01,2007,206.0,Kevin Durant,SF,2016,8,Oklahoma City Thunder,109.0,0.5
25,East,2016-01-25,2011,185.0,Kemba Walker,G,2016,4,Charlotte Hornets,83.0,0.5
25,West,2016-01-25,2010,211.0,DeMarcus Cousins,C,2016,5,Sacramento Kings,122.0,0.5
25,East,2016-01-18,2010,193.0,John Wall,PG,2016,5,Washington Wizards,95.0,0.5
27,West,2016-01-18,2007,206.0,Kevin Durant,SF,2016,8,Oklahoma City Thunder,109.0,0.5
31,East,2016-01-11,2003,203.0,LeBron James,F,2016,12,Cleveland Cavaliers,113.0,0.5
30,West,2016-01-11,2005,183.0,Chris Paul,PG,2016,10,Los Angeles Clippers,79.0,0.5
27,East,2016-01-04,2008,213.0,Brook Lopez,C,2016,7,Brooklyn Nets,122.0,0.5
25,West,2016-01-04,2012,201.0,Draymond Green,F,2016,3,Golden State Warriors,104.0,0.5
32,East,2015-12-28,2005,211.0,Marcin Gortat,FC,2016,8,Washington Wizards,109.0,0.5
27,West,2015-12-28,2008,190.0,Russell Westbrook,G,2016,7,Oklahoma City Thunder,91.0,0.5
25,East,2015-12-21,2011,190.0,Reggie Jackson,G,2016,4,Detroit Pistons,94.0,0.5
24,West,2015-12-21,2011,201.0,Kawhi Leonard,F,2016,4,San Antonio Spurs,104.0,0.5
26,East,2015-12-14,2009,201.0,DeMar DeRozan,GF,2016,6,Toronto Raptors,100.0,0.5
27,West,2015-12-14,2007,206.0,Kevin Durant,SF,2016,8,Oklahoma City Thunder,109.0,0.5
25,East,2015-12-07,2011,190.0,Reggie Jackson,G,2016,4,Detroit Pistons,94.0,0.5
27,West,2015-12-07,2009,190.0,Stephen Curry,G,2016,6,Golden State Warriors,86.0,0.5
25,East,2015-11-30,2010,206.0,Paul George,GF,2016,5,Indiana Pacers,100.0,0.5
27,West,2015-11-30,2007,206.0,Kevin Durant,SF,2016,8,Oklahoma City Thunder,109.0,0.5
31,East,2015-11-23,2003,203.0,LeBron James,F,2016,12,Cleveland Cavaliers,113.0,0.5
27,West,2015-11-23,2009,190.0,Stephen Curry,G,2016,6,Golden State Warriors,86.0,0.5
27,East,2015-11-16,2008,203.0,Nicolas Batum,F,2016,7,Charlotte Hornets,91.0,0.5
25,West,2015-11-16,2010,211.0,DeMarcus Cousins,C,2016,5,Sacramento Kings,122.0,0.5
22,East,2015-11-09,2012,211.0,Andre Drummond,C,2016,3,Detroit Pistons,127.0,0.5
26,West,2015-11-09,2009,196.0,James Harden,SG,2016,6,Houston Rockets,100.0,0.5
22,East,2015-11-02,2012,211.0,Andre Drummond,C,2016,3,Detroit Pistons,127.0,0.5
27,West,2015-11-02,2009,190.0,Stephen Curry,G,2016,6,Golden State Warriors,86.0,0.5
26,East,2017-04-10,2010,206.0,Paul George,GF,2017,6,Indiana Pacers,100.0,0.5
28,West,2017-04-10,2008,191.0,Russell Westbrook,G,2017,8,Oklahoma City Thunder,91.0,0.5
27,East,2017-04-03,2011,201.0,Jimmy Butler,GF,2017,5,Chicago Bulls,105.0,0.5
28,West,2017-04-03,2009,191.0,Stephen Curry,G,2017,7,Golden State Warriors,86.0,0.5
27,East,2017-03-27,2009,201.0,DeMar DeRozan,GF,2017,7,Toronto Raptors,100.0,0.5
27,West,2017-03-27,2009,196.0,James Harden,SG,2017,7,Houston Rockets,100.0,0.5
27,East,2017-03-20,2010,213.0,Hassan Whiteside,C,2017,4,Miami Heat,120.0,0.5
26,West,2017-03-20,2012,191.0,Damian Lillard,G,2017,4,Portland Trail Blazers,88.0,0.5
26,East,2017-03-13,2010,193.0,John Wall,PG,2017,6,Washington Wizards,95.0,0.5
21,West,2017-03-13,2015,213.0,Karl-Anthony Towns,C,2017,1,Minnesota Timberwolves,111.0,0.5
26,East,2017-03-06,2011,185.0,Kemba Walker,G,2017,5,Charlotte Hornets,83.0,0.5
25,West,2017-03-06,2011,201.0,Kawhi Leonard,F,2017,5,San Antonio Spurs,104.0,0.5
32,East,2017-02-13,2003,203.0,LeBron James,F,2017,13,Cleveland Cavaliers,113.0,0.5
27,West,2017-02-13,2009,208.0,Blake Griffin,PF,2017,7,Los Angeles Clippers,114.0,0.5
28,East,2017-02-06,2011,175.0,Isaiah Thomas,PG,2017,5,Boston Celtics,84.0,0.5
28,West,2017-02-06,2009,191.0,Stephen Curry,G,2017,7,Golden State Warriors,86.0,0.5
25,East,2017-01-30,2012,193.0,Dion Waiters,SG,2017,4,Miami Heat,100.0,0.5
26,West,2017-01-30,2010,211.0,DeMarcus Cousins,C,2017,6,Sacramento Kings,122.0,0.5
22,East,2017-01-23,2014,213.0,Joel Embiid,C,2017,2,Philadelphia Sixers,113.0,0.5
25,West,2017-01-23,2011,201.0,Kawhi Leonard,F,2017,5,San Antonio Spurs,104.0,0.5
27,East,2017-01-16,2009,201.0,DeMar DeRozan,GF,2017,7,Toronto Raptors,100.0,0.5
26,West,2017-01-16,2010,203.0,Gordon Hayward,GF,2017,6,Utah Jazz,102.0,0.5
27,East,2017-01-09,2011,201.0,Jimmy Butler,GF,2017,5,Chicago Bulls,105.0,0.5
28,West,2017-01-09,2009,191.0,Stephen Curry,G,2017,7,Golden State Warriors,86.0,0.5
26,East,2017-01-02,2010,193.0,John Wall,PG,2017,6,Washington Wizards,95.0,0.5
27,West,2017-01-02,2009,196.0,James Harden,SG,2017,7,Houston Rockets,100.0,0.5
28,East,2016-12-26,2011,175.0,Isaiah Thomas,PG,2017,5,Boston Celtics,84.0,0.5
28,West,2016-12-26,2008,191.0,Russell Westbrook,G,2017,8,Oklahoma City Thunder,91.0,0.5
27,East,2016-12-19,2009,201.0,DeMar DeRozan,GF,2017,7,Toronto Raptors,100.0,0.5
27,West,2016-12-19,2009,196.0,James Harden,SG,2017,7,Houston Rockets,100.0,0.5
32,East,2016-12-12,2003,203.0,LeBron James,F,2017,13,Cleveland Cavaliers,113.0,0.5
32,West,2016-12-12,2007,216.0,Marc Gasol,C,2017,8,Memphis Grizzlies,116.0,0.5
22,East,2016-12-05,2013,211.0,Giannis Antetokounmpo,F,2017,3,Milwaukee Bucks,101.0,0.5
28,West,2016-12-05,2008,191.0,Russell Westbrook,G,2017,8,Oklahoma City Thunder,91.0,0.5
28,East,2016-11-28,2008,208.0,Kevin Love,FC,2017,8,Cleveland Cavaliers,114.0,0.5
28,West,2016-11-28,2007,206.0,Kevin Durant,SF,2017,9,Golden State Warriors,109.0,0.5
27,East,2016-11-21,2011,201.0,Jimmy Butler,GF,2017,5,Chicago Bulls,105.0,0.5
23,West,2016-11-21,2012,208.0,Anthony Davis,PF,2017,4,New Orleans Pelicans,115.0,0.5
27,East,2016-11-14,2009,201.0,DeMar DeRozan,GF,2017,7,Toronto Raptors,100.0,0.5
27,West,2016-11-14,2009,196.0,James Harden,SG,2017,7,Houston Rockets,100.0,0.5
32,East,2016-11-07,2003,203.0,LeBron James,F,2017,13,Cleveland Cavaliers,113.0,0.5
30,West,2016-11-07,2008,191.0,George Hill,G,2017,8,Utah Jazz,85.0,0.5
32,East,2016-10-31,2003,203.0,LeBron James,F,2017,13,Cleveland Cavaliers,113.0,0.5
28,West,2016-10-31,2008,191.0,Russell Westbrook,G,2017,8,Oklahoma City Thunder,91.0,0.5
21,East,2018-04-09,2016,208.0,Ben Simmons,PF,2018,1,Philadelphia Sixers,104.0,0.5
23,West,2018-04-09,2014,208.0,Nikola Jokic,C,2018,2,Denver Nuggets,113.0,0.5
25,East,2018-04-02,2013,193.0,Victor Oladipo,G,2018,4,Indiana Pacers,95.0,0.5
27,West,2018-04-02,2012,191.0,Damian Lillard,G,2018,5,Portland Trail Blazers,88.0,0.5
33,East,2018-03-26,2003,203.0,LeBron James,F,2018,14,Cleveland Cavaliers,113.0,0.5
32,West,2018-03-26,2006,211.0,LaMarcus Aldridge,FC,2018,11,San Antonio Spurs,118.0,0.5
33,East,2018-03-19,2003,203.0,LeBron James,F,2018,14,Cleveland Cavaliers,113.0,0.5
29,West,2018-03-19,2008,191.0,Russell Westbrook,G,2018,9,Oklahoma City Thunder,91.0,0.5
28,East,2018-03-12,2009,201.0,DeMar DeRozan,GF,2018,8,Toronto Raptors,100.0,0.5
27,West,2018-03-12,2012,191.0,Damian Lillard,G,2018,5,Portland Trail Blazers,88.0,0.5
28,East,2018-03-05,2009,201.0,DeMar DeRozan,GF,2018,8,Toronto Raptors,100.0,0.5
24,West,2018-03-05,2012,208.0,Anthony Davis,PF,2018,5,New Orleans Pelicans,115.0,0.5
23,East,2018-02-12,2014,213.0,Joel Embiid,C,2018,3,Philadelphia Sixers,113.0,0.5
28,West,2018-02-12,2009,196.0,James Harden,SG,2018,8,Houston Rockets,100.0,0.5
24,East,2018-02-05,2012,211.0,Andre Drummond,C,2018,5,Detroit Pistons,127.0,0.5
28,West,2018-02-05,2009,196.0,James Harden,SG,2018,8,Houston Rockets,100.0,0.5
26,East,2018-01-29,2012,203.0,Khris Middleton,SF,2018,5,Milwaukee Bucks,106.0,0.5
29,West,2018-01-29,2009,191.0,Stephen Curry,G,2018,8,Golden State Warriors,86.0,0.5
23,East,2018-01-22,2014,213.0,Joel Embiid,C,2018,3,Philadelphia Sixers,113.0,0.5
27,West,2018-01-22,2012,191.0,Damian Lillard,G,2018,5,Portland Trail Blazers,88.0,0.5
31,East,2018-01-15,2008,191.0,Goran Dragic,G,2018,9,Miami Heat,86.0,0.5
31,West,2018-01-15,2005,185.0,Lou Williams,G,2018,12,Los Angeles Clippers,79.0,0.5
28,East,2018-01-08,2009,201.0,DeMar DeRozan,GF,2018,8,Toronto Raptors,100.0,0.5
29,West,2018-01-08,2009,191.0,Stephen Curry,G,2018,8,Golden State Warriors,86.0,0.5
24,East,2018-01-02,2012,196.0,Bradley Beal,SG,2018,5,Washington Wizards,94.0,0.5
31,West,2018-01-02,2005,185.0,Lou Williams,G,2018,12,Los Angeles Clippers,79.0,0.5
28,East,2017-12-26,2009,201.0,DeMar DeRozan,GF,2018,8,Toronto Raptors,100.0,0.5
29,West,2017-12-26,2008,191.0,Russell Westbrook,G,2018,9,Oklahoma City Thunder,91.0,0.5
33,East,2017-12-18,2003,203.0,LeBron James,F,2018,14,Cleveland Cavaliers,113.0,0.5
32,West,2017-12-18,2005,183.0,Chris Paul,PG,2018,12,Houston Rockets,79.0,0.5
25,East,2017-12-11,2013,193.0,Victor Oladipo,G,2018,4,Indiana Pacers,95.0,0.5
29,West,2017-12-11,2007,206.0,Kevin Durant,SF,2018,10,Golden State Warriors,109.0,0.5
33,East,2017-12-04,2003,203.0,LeBron James,F,2018,14,Cleveland Cavaliers,113.0,0.5
28,West,2017-12-04,2009,196.0,James Harden,SG,2018,8,Houston Rockets,100.0,0.5
31,East,2017-11-27,2008,191.0,Goran Dragic,G,2018,9,Miami Heat,86.0,0.5
24,West,2017-11-27,2012,208.0,Anthony Davis,PF,2018,5,New Orleans Pelicans,115.0,0.5
28,East,2017-11-20,2009,201.0,DeMar DeRozan,GF,2018,8,Toronto Raptors,100.0,0.5
22,West,2017-11-20,2015,213.0,Karl-Anthony Towns,C,2018,2,Minnesota Timberwolves,111.0,0.5
25,East,2017-11-13,2011,206.0,Tobias Harris,F,2018,6,Detroit Pistons,107.0,0.5
23,West,2017-11-13,2014,208.0,Nikola Jokic,C,2018,2,Denver Nuggets,113.0,0.5
22,East,2017-11-06,2015,221.0,Kristaps Porzingis,FC,2018,2,New York Knicks,109.0,0.5
28,West,2017-11-06,2009,196.0,James Harden,SG,2018,8,Houston Rockets,100.0,0.5
25,East,2017-10-30,2013,193.0,Victor Oladipo,G,2018,4,Indiana Pacers,95.0,0.5
27,West,2017-10-30,2010,211.0,DeMarcus Cousins,C,2018,7,New Orleans Pelicans,122.0,0.5
23,East,2017-10-23,2013,211.0,Giannis Antetokounmpo,F,2018,4,Milwaukee Bucks,101.0,0.5
28,West,2017-10-23,2009,196.0,James Harden,SG,2018,8,Houston Rockets,100.0,0.5
